"stock1","stock2","dead1","dead2"
281,0,50,3
0,0,4,10
0,0,20,2
185,123,50,50
0,0,11,2
0,246,19,50
227,0,50,2
0,0,29,3
0,0,7,5
123,0,50,3
0,0,13,5
0,0,11,11
0,0,22,17
0,0,2,5
0,0,5,5
0,0,36,5
0,0,5,3
78,99,50,50
127,167,50,50
0,0,4,3
0,0,16,34
132,0,50,13
0,97,8,50
0,0,2,15
0,0,4,12
0,230,13,50
0,0,4,36
0,0,13,11
335,281,50,50
170,0,50,2
0,0,30,4
0,0,3,4
0,0,8,11
190,0,50,3
0,0,3,23
0,0,4,43
0,0,20,14
0,0,5,5
0,0,16,24
0,0,2,3
0,169,37,50
119,0,50,3
0,0,12,8
0,129,41,50
115,0,50,48
0,107,10,50
137,0,50,45
0,77,3,50
0,101,36,50
0,0,5,22
76,169,50,50
0,0,7,34
273,311,50,50
0,0,6,6
110,0,50,5
261,0,50,19
0,105,7,50
0,0,5,10
0,0,5,5
0,0,5,19
0,0,15,30
170,0,50,13
71,0,50,3
0,0,6,7
0,0,5,3
0,218,21,50
105,0,50,10
0,119,9,50
121,0,50,8
0,0,9,10
115,0,50,33
0,0,2,5
0,0,6,33
0,0,5,22
0,77,11,50
0,0,14,16
160,0,50,37
0,0,25,2
0,0,25,8
0,0,6,8
0,0,5,24
0,0,47,5
105,0,50,3
218,0,50,34
137,0,50,3
75,0,50,13
0,92,14,50
0,53,3,50
0,0,3,6
0,0,5,15
0,0,30,4
128,0,50,23
210,0,50,19
0,0,3,3
121,0,50,4
0,0,8,5
0,0,5,9
0,0,3,14
117,0,50,3
0,0,16,10
0,0,7,44
250,151,50,50
0,0,5,20
0,0,7,4
0,0,4,15
0,0,31,25
0,269,21,50
0,0,6,35
0,0,9,4
0,0,21,3
0,0,5,6
0,205,7,50
0,0,20,22
0,0,3,10
0,0,19,4
0,0,6,11
168,110,50,50
112,0,50,3
0,0,50,34
0,0,33,11
0,0,9,8
0,0,49,13
0,247,4,50
0,0,6,4
0,0,6,41
0,0,16,8
0,0,4,8
105,0,50,7
0,0,9,2
0,0,3,9
0,122,26,50
0,121,5,50
196,80,50,50
135,0,50,2
0,176,25,50
0,0,3,3
0,0,8,2
0,252,13,50
166,121,50,50
368,0,50,2
0,0,15,11
0,0,40,45
0,0,3,20
0,0,16,16
144,0,50,7
0,0,29,3
0,0,22,7
0,0,4,3
0,0,3,6
175,0,50,8
0,0,7,8
0,0,5,19
164,0,50,27
160,0,50,19
0,0,2,5
0,0,46,6
0,0,8,44
309,497,50,50
0,115,6,50
0,0,4,3
0,0,30,38
0,0,7,39
0,46,6,50
0,0,40,3
0,0,5,3
0,0,2,3
283,123,50,50
0,206,31,50
0,171,3,50
0,0,2,2
0,0,33,11
209,0,50,35
0,0,15,11
0,173,4,50
0,155,2,50
0,0,7,2
0,0,8,3
0,0,8,3
0,0,33,36
0,127,2,50
0,0,13,35
234,121,50,50
0,0,10,8
0,62,3,50
0,0,14,3
0,0,25,2
0,0,3,11
109,0,50,45
0,0,4,14
0,0,7,17
0,142,10,50
0,98,3,50
0,0,17,39
0,0,28,2
0,0,4,2
0,0,4,2
0,0,2,2
0,78,7,50
0,0,12,14
0,0,26,12
234,83,50,50
0,0,3,2
0,0,10,12
156,0,50,2
0,0,10,4
0,68,2,50
0,0,6,12
101,0,50,8
0,0,32,4
0,129,13,50
44,0,50,5
0,0,6,4
0,0,9,7
0,0,24,2
126,151,50,50
0,0,32,8
0,154,2,50
119,0,50,15
0,0,9,30
0,76,8,50
0,0,4,2
0,0,17,23
0,0,13,2
101,331,50,50
0,0,8,3
0,135,9,50
257,128,50,50
0,0,8,2
0,0,3,26
0,0,4,7
0,0,16,4
253,0,50,8
0,0,4,5
0,0,3,4
0,0,15,4
0,88,7,50
0,100,41,50
0,0,7,19
0,131,10,50
0,0,26,2
0,0,11,24
0,0,5,7
0,0,2,3
144,124,50,50
176,0,50,4
0,0,31,15
0,117,17,50
0,0,8,37
251,85,50,50
0,161,7,50
0,0,3,10
77,0,50,2
0,327,36,50
91,0,50,12
0,132,26,50
0,0,49,6
0,0,8,40
128,0,50,13
0,0,32,5
0,0,6,23
0,0,3,6
136,0,50,4
0,0,16,13
66,0,50,10
75,97,50,50
0,0,19,5
171,0,50,10
451,0,50,15
0,0,2,6
0,0,33,17
0,89,3,50
98,0,50,2
0,99,12,50
0,0,45,2
147,0,50,29
0,76,7,50
0,81,5,50
0,0,20,6
104,0,50,13
0,0,3,2
130,0,50,23
0,0,2,4
78,73,50,50
0,192,7,50
0,0,24,22
0,0,7,23
0,0,3,4
0,0,3,4
0,0,11,16
132,0,50,6
0,0,2,43
0,0,3,12
0,0,32,4
0,0,4,6
0,0,24,48
137,0,50,40
0,258,5,50
0,0,41,6
0,0,16,35
0,0,4,8
0,0,30,3
0,130,5,50
0,0,7,9
0,112,3,50
0,0,19,11
0,0,33,17
71,0,50,3
0,0,2,11
0,0,5,11
0,0,4,29
114,0,50,18
0,0,5,3
173,0,50,2
239,0,50,2
0,0,10,11
0,0,5,30
0,152,2,50
0,0,12,37
0,0,42,6
0,0,2,8
202,100,50,50
0,0,9,15
0,0,10,6
0,0,14,33
0,0,3,3
0,0,3,6
145,0,50,44
147,150,50,50
0,0,19,5
0,0,36,5
0,0,2,3
0,0,7,5
0,0,2,10
150,0,50,8
0,228,12,50
0,0,3,14
0,0,6,13
0,0,5,2
0,133,43,50
0,0,4,3
0,0,23,3
0,0,41,3
71,250,50,50
300,0,50,42
159,0,50,11
0,0,34,4
0,153,34,50
326,0,50,6
117,0,50,4
0,0,17,9
0,0,27,42
154,0,50,38
0,0,17,4
0,0,2,13
0,0,49,11
108,0,50,2
0,0,26,17
0,0,9,2
92,0,50,5
118,181,50,50
0,135,2,50
0,0,25,13
0,0,3,5
0,0,27,8
117,0,50,10
0,0,44,21
0,62,7,50
0,0,2,6
0,141,6,50
0,0,19,4
0,61,39,50
0,0,13,11
0,103,3,50
0,195,3,50
0,140,4,50
0,0,4,48
0,0,19,4
0,0,23,19
0,0,11,28
0,332,5,50
199,173,50,50
189,0,50,9
0,0,16,8
0,334,11,50
116,0,50,4
0,91,10,50
0,0,6,8
0,0,2,2
130,0,50,5
231,0,50,2
0,0,23,6
72,0,50,6
83,0,50,26
0,0,17,3
0,305,7,50
0,0,2,2
0,130,31,50
0,112,4,50
0,0,10,38
0,0,16,10
0,100,24,50
0,0,16,3
0,0,16,5
0,163,17,50
0,0,10,8
0,0,12,6
0,0,4,5
0,0,3,37
0,99,2,50
132,0,50,11
0,84,10,50
0,0,18,40
0,92,8,50
103,0,50,3
0,0,3,23
0,0,2,17
85,67,50,50
0,0,8,3
0,122,5,50
0,0,14,12
305,0,50,10
0,125,35,50
0,428,30,50
137,77,50,50
0,0,6,9
0,0,12,10
0,0,6,45
0,0,26,6
0,0,2,13
0,142,24,50
0,0,32,28
0,0,26,19
0,0,25,31
285,0,50,12
0,106,26,50
0,0,35,2
0,0,4,8
0,0,15,29
99,312,50,50
0,0,5,36
0,0,6,5
0,0,8,8
108,0,50,25
0,0,8,36
0,248,13,50
0,0,29,25
0,0,8,2
0,78,2,50
220,330,50,50
0,0,4,7
313,0,50,19
0,0,14,15
0,359,11,50
0,0,19,9
0,0,6,24
271,0,50,2
0,0,2,8
0,0,3,6
0,0,47,4
182,0,50,8
153,0,50,2
0,0,10,2
167,0,50,2
0,198,5,50
219,222,50,50
0,300,7,50
0,0,18,18
0,0,35,4
0,0,47,10
0,0,4,3
0,0,12,13
0,0,6,3
0,0,9,9
0,0,14,3
0,0,31,2
0,0,6,29
147,143,50,50
314,0,50,42
0,0,2,8
0,136,33,50
0,0,3,26
0,0,10,3
0,0,3,8
0,0,2,3
0,95,8,50
0,0,5,3
0,0,6,4
0,130,2,50
0,0,9,3
0,159,3,50
0,0,8,2
0,0,3,7
0,0,47,4
346,0,50,5
181,0,50,18
0,0,33,4
0,0,4,5
0,0,34,25
0,0,2,11
0,175,4,50
0,266,8,50
187,0,50,2
188,0,50,4
0,0,2,10
0,0,8,3
0,0,6,2
0,0,10,4
0,0,4,9
0,76,14,50
139,0,50,23
0,0,3,2
0,156,15,50
0,0,7,4
0,0,2,32
0,84,2,50
0,213,3,50
0,178,9,50
0,184,9,50
0,0,6,21
92,0,50,42
0,0,2,4
0,0,5,15
189,0,50,4
360,0,50,2
0,0,16,2
0,94,6,50
107,0,50,19
198,0,50,16
0,0,31,13
98,0,50,7
128,0,50,4
0,0,4,20
92,0,50,2
0,0,4,16
0,0,8,8
0,110,7,50
0,111,11,50
213,0,50,2
187,0,50,9
0,0,6,45
0,0,2,11
0,389,3,50
0,141,44,50
0,0,45,2
179,0,50,15
0,0,6,19
0,0,2,4
277,0,50,3
0,0,6,9
0,0,6,26
0,0,4,26
103,0,50,26
0,202,10,50
0,0,5,20
0,0,43,4
0,0,3,25
294,0,50,2
0,108,7,50
0,246,2,50
0,136,4,50
0,0,14,6
88,0,50,6
0,200,38,50
0,177,42,50
0,0,4,5
0,0,6,5
86,0,50,2
0,87,5,50
203,0,50,3
0,0,3,2
221,0,50,10
151,0,50,5
0,156,11,50
0,77,9,50
0,0,26,22
0,0,4,3
0,0,3,6
0,0,2,5
0,0,36,2
108,0,50,5
0,0,12,5
65,0,50,4
0,0,22,3
218,0,50,38
0,0,6,21
0,130,7,50
81,0,50,2
0,0,5,2
0,62,13,50
0,0,31,19
0,0,4,4
0,0,12,8
0,0,17,3
0,0,2,8
0,0,4,5
0,0,2,6
117,0,50,23
121,0,50,29
98,0,50,50
0,0,38,10
73,0,50,42
0,0,2,2
0,0,2,6
0,0,8,4
0,87,3,50
149,0,50,13
0,357,3,50
0,0,50,8
0,0,3,2
0,0,28,4
0,144,2,50
0,0,7,13
253,118,50,50
143,0,50,2
0,0,2,23
119,0,50,7
0,0,2,4
0,0,5,18
85,0,50,7
0,0,38,13
0,103,8,50
0,0,28,5
182,0,50,3
0,359,9,50
0,0,4,2
0,0,3,2
261,0,50,5
0,0,8,45
0,0,2,3
0,0,12,13
262,384,50,50
0,81,6,50
0,0,12,4
0,0,11,10
0,0,9,3
137,158,50,50
0,0,7,36
195,0,50,4
122,140,50,50
0,298,45,50
0,0,35,5
0,148,3,50
0,0,13,36
204,0,50,21
0,0,18,7
0,0,19,11
101,0,50,5
0,116,6,50
0,175,6,50
0,80,2,50
0,0,12,2
0,0,8,20
218,240,50,50
0,0,16,4
0,116,4,50
0,0,3,4
0,0,16,34
0,0,19,6
0,0,5,2
0,0,2,2
0,112,40,50
0,0,5,22
0,0,16,10
0,0,17,14
79,0,50,10
0,0,9,7
0,0,7,13
0,0,8,6
0,0,6,2
0,253,3,50
0,0,8,4
0,0,11,11
0,229,8,50
0,0,21,2
0,0,5,9
0,0,21,8
0,131,9,50
0,0,5,2
0,0,7,36
101,0,50,28
232,0,50,6
226,0,50,8
0,76,30,50
0,0,6,4
0,0,29,2
0,155,9,50
0,328,11,50
0,0,42,6
140,0,50,2
0,0,3,9
0,238,5,50
0,0,3,14
0,84,10,50
138,154,50,50
0,0,12,48
0,190,11,50
0,0,3,3
0,0,10,28
0,0,2,9
200,0,50,19
0,0,36,8
0,0,2,16
0,277,7,50
0,76,23,50
101,0,50,23
0,0,29,25
0,0,9,7
0,0,28,2
0,0,27,4
107,0,50,14
0,0,3,2
0,0,7,34
0,0,32,2
0,0,5,2
218,0,50,7
0,0,3,31
0,169,4,50
0,61,5,50
154,0,50,11
197,0,50,39
0,0,14,3
90,0,50,3
75,0,50,46
0,0,22,7
86,0,50,18
0,0,5,5
0,0,15,17
0,177,5,50
0,0,8,2
0,0,31,13
0,0,8,14
0,117,30,50
0,0,5,23
0,141,22,50
186,0,50,18
215,0,50,2
0,0,21,37
0,142,8,50
0,0,9,13
103,0,50,7
0,0,5,7
0,0,6,30
0,0,14,17
195,0,50,8
0,0,4,19
335,0,50,47
0,0,19,16
0,0,9,9
0,0,9,12
0,0,5,6
0,0,2,2
0,0,3,4
107,0,50,8
0,0,41,12
0,0,4,6
0,0,18,9
0,0,12,2
137,0,50,3
0,0,8,3
204,243,50,50
122,0,50,2
0,0,3,2
0,0,4,9
0,0,3,2
171,0,50,6
0,107,5,50
0,0,5,16
0,123,7,50
0,0,16,4
0,0,4,20
0,0,7,5
0,91,6,50
0,0,3,5
0,0,2,6
0,181,5,50
0,0,5,6
0,0,12,6
0,0,4,12
0,0,46,2
0,152,4,50
0,0,10,46
221,0,50,22
0,0,6,5
118,0,50,4
0,0,5,2
0,0,5,45
0,0,8,6
0,168,37,50
130,0,50,3
0,0,17,16
0,0,8,4
152,179,50,50
0,0,12,8
120,0,50,34
0,0,9,22
0,224,11,50
0,142,22,50
0,0,11,13
153,0,50,5
0,0,4,16
0,0,8,3
0,100,2,50
0,0,22,2
0,0,10,11
0,0,5,23
0,0,7,7
189,0,50,33
0,0,4,15
0,0,4,10
155,288,50,50
0,0,5,16
116,0,50,45
70,257,50,50
139,0,50,50
0,0,19,4
0,0,4,6
0,0,3,5
0,0,3,6
0,144,19,50
0,0,3,3
0,228,4,50
0,0,13,37
0,0,17,16
0,0,8,24
0,0,3,11
0,0,4,4
0,0,38,6
0,148,39,50
102,0,50,36
113,0,50,11
0,0,47,14
0,0,50,8
0,0,4,2
0,205,3,50
0,324,43,50
0,0,16,8
0,0,3,2
0,0,11,45
0,0,4,5
89,0,50,7
0,0,12,13
92,0,50,5
0,0,11,6
0,0,4,31
243,0,50,28
0,0,16,20
0,0,2,9
0,0,12,3
0,103,4,50
273,70,50,50
0,0,6,8
251,0,50,13
0,0,5,3
0,0,20,6
0,104,17,50
0,0,3,7
0,0,2,10
0,0,9,15
0,0,7,7
0,0,2,6
0,0,4,11
184,0,50,17
0,0,41,6
0,0,8,16
0,0,15,3
0,0,49,49
0,0,29,6
0,0,33,4
93,0,50,6
280,83,50,50
0,112,5,50
0,0,34,3
161,164,50,50
0,96,5,50
122,0,50,7
0,133,7,50
0,0,35,36
0,262,10,50
110,155,50,50
0,0,45,50
0,0,23,3
0,0,2,4
157,0,50,16
0,0,2,3
0,0,39,8
102,0,50,7
149,0,50,7
0,0,21,10
0,0,31,3
0,181,6,50
0,0,9,22
0,0,3,21
0,0,22,5
0,0,8,9
115,0,50,2
0,0,2,5
89,0,50,3
77,0,50,5
0,0,22,8
0,0,5,9
0,75,10,50
0,89,5,50
160,0,50,26
0,0,6,10
0,0,4,7
0,0,12,5
0,0,2,2
137,312,50,50
0,0,5,2
0,0,13,11
0,0,23,18
0,71,4,50
0,0,26,40
0,0,2,18
0,123,8,50
0,91,12,50
288,0,50,5
0,0,2,33
0,0,4,4
0,170,3,50
319,0,50,26
117,0,50,4
0,70,2,50
0,123,6,50
0,0,2,3
0,0,36,5
136,0,50,10
0,0,11,5
163,138,50,50
0,0,8,2
0,127,5,50
0,0,4,2
0,0,4,2
0,47,26,50
0,0,2,5
0,0,16,6
0,0,7,47
0,0,10,16
126,0,50,2
0,0,5,2
111,0,50,3
0,276,30,50
0,68,33,50
0,0,16,23
0,0,3,10
0,0,7,44
0,120,9,50
0,234,9,50
0,0,5,2
0,123,21,50
0,0,14,2
0,0,43,8
168,231,50,50
0,0,12,5
166,75,50,50
0,0,25,4
0,107,7,50
0,0,2,2
0,0,13,5
0,0,37,4
0,0,6,6
0,0,4,4
127,91,50,50
0,0,4,4
0,0,18,7
0,0,36,14
153,0,50,16
0,0,10,9
0,0,20,8
0,66,10,50
0,0,3,11
165,0,50,4
0,0,24,2
144,0,50,3
0,0,2,8
99,0,50,4
0,0,23,18
0,189,2,50
134,0,50,3
0,0,2,9
116,256,50,50
191,0,50,16
0,0,15,36
0,84,2,50
75,107,50,50
0,0,15,4
0,0,13,16
0,0,20,2
0,0,10,2
0,0,8,3
196,0,50,7
0,0,3,6
425,0,50,7
0,0,23,25
0,0,9,4
221,0,50,3
0,75,2,50
0,0,6,13
86,0,50,26
0,0,39,5
0,0,10,19
0,174,8,50
0,0,26,4
0,0,15,4
0,0,6,22
0,0,2,8
0,0,15,11
0,127,4,50
0,0,13,15
0,0,10,2
0,0,6,3
0,0,7,7
0,0,7,13
0,0,6,2
0,167,10,50
0,0,3,6
0,128,50,50
0,0,21,10
0,0,8,4
0,210,7,50
0,0,6,2
0,0,3,4
0,0,7,7
0,76,23,50
0,0,7,29
0,0,29,8
0,0,29,5
106,0,50,24
0,0,2,4
0,0,5,29
0,0,25,4
0,0,12,15
0,0,8,5
0,251,2,50
169,0,50,15
0,0,4,6
0,75,3,50
0,0,13,7
0,0,7,28
0,0,16,12
0,0,16,2
300,0,50,20
0,0,4,9
0,0,27,27
151,0,50,3
0,0,6,4
0,0,19,11
0,0,7,13
0,292,5,50
0,0,2,18
0,0,4,21
0,0,4,9
0,0,8,31
85,0,50,20
0,0,47,6
0,0,28,10
238,109,50,50
0,0,15,4
0,106,4,50
0,0,14,2
0,87,42,50
0,0,12,5
206,193,50,50
0,0,25,12
0,0,4,31
0,292,5,50
106,0,50,7
210,0,50,5
0,0,43,2
0,236,28,50
113,0,50,8
0,0,13,23
0,0,7,2
0,0,6,4
0,0,21,5
0,97,37,50
0,0,15,3
0,151,10,50
186,0,50,2
0,0,19,4
0,0,3,6
0,127,10,50
0,0,26,5
0,0,4,43
0,200,24,50
200,0,50,21
0,0,15,9
0,0,5,4
0,89,3,50
0,0,14,4
200,124,50,50
0,0,4,20
0,0,10,6
0,0,13,6
0,0,2,3
0,0,4,10
182,0,50,2
0,123,6,50
0,0,3,13
154,0,50,6
0,0,4,21
306,0,50,4
113,0,50,2
0,0,37,2
0,0,5,2
0,0,2,35
0,0,23,7
0,0,17,6
0,0,8,46
0,111,3,50
0,0,32,4
0,0,2,20
0,0,28,28
176,117,50,50
0,0,2,9
0,0,3,50
0,54,4,50
0,0,11,14
0,0,2,18
0,225,4,50
81,87,50,50
0,0,34,17
160,234,50,50
0,0,3,11
0,0,41,50
137,0,50,8
85,0,50,4
100,0,50,3
0,0,4,18
0,0,2,5
0,0,3,3
0,0,5,38
79,0,50,11
0,0,23,5
0,96,4,50
0,0,23,25
0,0,3,26
0,0,24,9
86,0,50,3
0,0,10,22
0,0,13,5
0,0,4,4
0,214,2,50
0,152,4,50
0,0,25,5
84,0,50,4
351,0,50,7
0,0,8,14
0,0,33,3
0,0,4,7
150,0,50,14
0,0,4,30
0,176,19,50
0,0,12,3
0,0,5,2
0,0,6,31
172,0,50,5
0,0,21,17
0,0,8,21
0,75,14,50
133,106,50,50
0,188,2,50
0,79,27,50
0,0,11,8
0,0,2,12
0,0,13,3
0,0,10,22
0,131,4,50
0,0,20,6
0,0,30,5
0,152,10,50
0,0,9,6
91,108,50,50
0,0,5,10
0,0,12,3
0,99,26,50
0,110,5,50
0,105,4,50
0,0,2,3
124,0,50,13
0,0,7,20
0,0,14,8
0,87,5,50
0,166,23,50
0,0,36,3
73,0,50,2
100,0,50,2
0,0,29,49
404,0,50,8
0,0,15,4
0,0,25,3
0,0,14,37
0,253,22,50
203,0,50,13
0,0,16,40
0,0,19,9
0,0,21,20
0,0,5,7
0,326,3,50
0,88,3,50
0,0,13,13
0,0,7,24
200,0,50,3
0,0,4,19
0,0,8,2
0,0,12,18
0,174,14,50
0,0,3,7
0,0,12,44
0,0,4,4
0,160,18,50
0,0,37,11
256,117,50,50
172,126,50,50
0,0,5,35
0,0,8,10
0,99,14,50
0,0,29,2
0,0,5,6
0,153,3,50
0,0,2,38
246,0,50,10
0,113,4,50
0,0,7,6
0,0,2,23
93,358,50,50
0,0,6,19
0,0,4,6
0,0,25,33
0,215,2,50
0,0,11,13
108,0,50,2
247,0,50,36
0,82,30,50
105,0,50,2
124,0,50,2
0,122,10,50
0,0,2,5
123,0,50,12
0,0,2,4
0,0,15,21
0,131,8,50
0,0,31,3
0,0,4,26
0,0,18,30
0,0,35,6
0,178,22,50
246,0,50,19
0,0,18,9
0,0,38,26
0,67,25,50
112,0,50,4
0,0,6,4
0,112,4,50
0,0,12,32
0,95,6,50
0,0,11,11
162,0,50,7
0,0,7,7
0,0,2,22
0,0,2,9
133,0,50,9
0,0,15,6
0,0,2,2
0,0,2,2
144,0,50,3
0,0,43,3
0,0,2,2
156,0,50,7
0,0,15,17
89,0,50,10
0,0,6,11
0,88,2,50
131,0,50,3
0,0,9,10
0,0,6,2
223,0,50,10
0,0,39,19
235,283,50,50
194,0,50,43
118,0,50,10
0,297,3,50
0,0,2,47
0,0,11,3
0,0,3,21
0,0,4,4
0,0,2,3
0,0,3,42
429,0,50,5
0,0,15,16
174,0,50,8
0,140,2,50
0,0,14,35
0,80,21,50
0,139,19,50
133,151,50,50
243,0,50,37
0,266,19,50
0,0,10,7
0,0,2,22
202,0,50,8
0,134,2,50
150,0,50,33
70,0,50,18
0,0,3,13
0,0,45,6
0,104,40,50
0,0,20,4
0,0,4,24
0,0,5,13
0,0,17,5
107,0,50,48
0,243,4,50
0,0,6,38
0,0,47,11
0,0,27,3
88,0,50,5
90,0,50,4
0,190,4,50
0,158,7,50
100,0,50,9
0,0,16,2
0,0,5,43
0,0,2,40
0,0,8,46
0,0,2,48
0,0,8,14
0,0,5,11
0,0,36,24
0,0,7,10
0,0,6,16
0,0,3,21
0,463,8,50
0,0,11,42
331,95,50,50
0,0,3,5
0,0,15,12
57,0,50,9
138,0,50,5
0,0,17,2
0,0,7,44
0,0,2,40
0,0,40,2
0,0,9,12
0,190,39,50
0,0,5,5
0,107,23,50
0,92,5,50
0,166,9,50
65,0,50,2
0,92,12,50
0,127,3,50
122,0,50,2
0,141,9,50
118,0,50,12
0,0,38,4
0,187,2,50
107,0,50,11
0,0,20,2
0,0,4,9
0,0,9,4
0,0,20,5
0,0,3,9
0,0,13,16
0,120,20,50
0,0,6,26
210,0,50,7
0,0,4,6
0,0,2,3
0,0,14,26
115,0,50,18
0,0,8,7
228,0,50,15
0,0,30,4
0,124,11,50
0,220,36,50
0,0,7,34
0,93,16,50
0,0,6,8
151,0,50,6
0,0,2,4
70,0,50,3
0,0,20,41
0,0,6,19
184,0,50,26
0,0,32,3
152,284,50,50
0,0,23,8
385,0,50,10
52,0,50,3
133,0,50,9
197,0,50,6
0,152,5,50
0,0,2,21
0,0,4,4
194,122,50,50
0,0,3,5
143,0,50,43
227,0,50,2
0,0,35,2
116,112,50,50
0,0,2,41
0,0,3,8
0,0,15,22
136,150,50,50
0,0,4,2
0,0,3,4
0,0,10,6
208,0,50,2
0,0,14,5
133,0,50,13
255,0,50,27
0,0,41,4
0,0,3,11
0,0,7,2
0,0,5,3
0,0,8,5
0,0,10,2
0,0,7,12
0,0,6,9
0,0,22,8
0,0,10,3
102,0,50,27
0,0,12,5
144,161,50,50
0,0,9,6
0,244,18,50
0,0,14,19
482,0,50,12
0,0,22,9
0,0,2,2
0,139,12,50
87,0,50,8
0,0,39,2
0,0,11,22
0,0,2,30
0,0,3,6
0,0,16,29
91,99,50,50
142,0,50,11
0,0,6,5
356,0,50,16
203,0,50,2
111,134,50,50
0,100,13,50
144,0,50,32
0,148,18,50
0,125,13,50
0,0,28,31
0,0,3,2
0,0,34,45
0,0,5,2
159,0,50,3
0,0,3,16
0,0,2,2
169,0,50,5
95,0,50,2
0,0,10,6
0,0,21,2
0,0,19,3
0,0,5,2
0,0,5,3
0,0,2,8
0,0,16,33
140,0,50,18
0,124,24,50
0,0,2,4
0,205,7,50
0,121,21,50
0,0,7,2
0,0,41,18
0,0,3,18
0,0,26,16
0,0,10,6
0,232,18,50
0,0,8,20
0,0,12,21
218,138,50,50
241,0,50,20
0,0,45,7
0,162,8,50
0,0,3,15
0,0,8,8
206,0,50,40
0,134,17,50
0,0,4,4
0,0,5,4
179,0,50,11
0,0,6,22
0,0,2,21
0,0,10,5
0,0,26,27
92,0,50,4
0,0,2,2
0,0,20,27
0,0,6,13
232,0,50,2
0,0,3,12
297,0,50,11
0,54,7,50
0,0,8,2
0,351,28,50
210,199,50,50
0,95,2,50
0,0,2,3
98,0,50,8
0,0,11,4
65,0,50,4
0,0,13,10
0,109,48,50
0,0,2,4
0,0,9,2
0,0,2,2
167,0,50,2
0,0,2,9
135,0,50,22
0,0,7,2
0,0,2,44
0,101,2,50
0,0,23,2
172,0,50,9
0,0,7,8
0,257,7,50
0,0,7,7
0,115,8,50
0,109,42,50
0,0,7,39
0,306,14,50
104,75,50,50
0,0,6,30
0,0,11,5
0,0,2,18
0,0,2,5
0,0,15,2
0,80,50,50
0,115,3,50
0,0,35,20
0,122,29,50
189,77,50,50
0,0,14,11
184,0,50,23
0,0,5,10
123,0,50,3
0,0,3,2
0,90,40,50
0,0,2,10
213,0,50,5
0,0,10,31
0,152,7,50
0,0,13,4
113,142,50,50
0,0,4,32
0,0,5,2
0,0,2,22
0,125,5,50
125,238,50,50
0,0,24,3
87,78,50,50
128,0,50,8
0,0,6,4
0,0,4,18
0,216,4,50
0,0,12,3
0,0,2,19
0,0,8,6
0,0,3,7
123,0,50,7
0,92,5,50
0,0,2,7
0,89,3,50
0,0,4,8
0,0,34,43
0,0,17,2
130,0,50,6
0,0,4,3
285,0,50,12
0,144,4,50
0,0,17,4
284,0,50,38
81,0,50,18
0,0,5,2
0,0,3,10
111,0,50,8
136,0,50,36
0,0,3,4
0,140,11,50
0,0,3,8
0,0,26,2
0,0,2,2
0,0,2,3
162,0,50,11
0,0,5,38
0,0,6,2
249,0,50,29
0,0,3,2
0,0,3,6
0,0,2,2
0,182,19,50
125,0,50,3
0,308,26,50
0,0,4,13
104,0,50,10
68,0,50,2
0,0,4,8
257,213,50,50
0,237,8,50
126,0,50,36
0,96,7,50
0,0,41,38
0,0,6,3
0,0,3,6
0,0,2,2
0,0,2,47
0,0,4,2
90,0,50,2
0,0,10,2
0,0,21,5
0,0,13,18
71,0,50,41
0,0,4,6
0,247,11,50
0,0,46,17
0,0,4,19
0,0,24,21
0,0,5,11
0,0,7,18
0,0,9,5
0,0,3,6
0,0,3,20
224,286,50,50
0,0,3,8
0,369,7,50
0,0,11,16
0,0,16,12
0,220,26,50
0,0,9,18
0,0,11,5
0,0,18,3
0,143,14,50
0,0,25,8
102,0,50,20
54,0,50,3
0,89,4,50
236,0,50,11
334,0,50,30
0,0,2,2
0,0,7,30
0,0,5,24
79,0,50,30
0,0,16,4
0,0,9,5
100,0,50,9
91,0,50,3
0,0,4,43
0,0,6,5
147,0,50,10
0,0,2,26
116,0,50,10
0,0,7,7
0,0,9,15
0,134,23,50
0,0,12,5
0,0,9,14
0,233,9,50
0,141,7,50
0,0,4,3
178,0,50,10
0,0,4,6
0,253,3,50
0,67,3,50
139,0,50,26
78,0,50,22
0,0,11,3
0,0,10,3
185,0,50,28
0,0,42,30
0,108,2,50
0,144,13,50
195,139,50,50
0,0,4,6
0,0,2,2
172,103,50,50
100,0,50,2
96,0,50,34
0,0,3,3
0,0,10,5
0,0,3,4
0,115,14,50
0,0,4,9
0,86,4,50
0,0,8,4
0,130,7,50
0,120,2,50
0,0,5,4
0,0,32,4
0,0,6,17
0,155,2,50
0,0,6,11
0,0,34,2
0,71,5,50
148,0,50,18
108,0,50,13
85,0,50,49
0,112,7,50
0,0,3,3
197,0,50,4
0,0,23,2
0,0,2,2
0,0,12,15
230,0,50,2
0,0,5,8
0,0,7,7
0,0,5,15
125,0,50,4
0,0,6,2
0,0,3,14
0,0,4,11
0,0,6,16
0,0,2,32
0,0,3,2
0,0,13,13
163,0,50,36
0,0,9,46
0,0,5,13
0,0,6,6
91,0,50,2
0,0,4,26
0,0,4,41
0,0,29,17
0,0,3,47
0,0,3,17
0,0,13,46
0,0,8,18
0,0,9,36
109,0,50,3
0,0,35,13
0,0,6,12
0,0,14,14
0,0,12,26
0,0,33,27
0,0,16,4
425,0,50,7
187,0,50,5
0,184,15,50
154,259,50,50
0,0,7,5
0,0,16,14
0,0,49,23
87,182,50,50
0,62,10,50
0,0,12,27
0,153,4,50
0,0,5,11
0,233,48,50
0,0,33,27
0,112,2,50
0,0,35,4
0,0,7,35
0,0,20,25
166,0,50,2
0,101,5,50
0,0,38,14
0,0,39,26
0,140,11,50
0,0,9,25
0,0,21,50
137,0,50,24
0,0,12,33
83,167,50,50
0,193,7,50
78,0,50,4
0,0,12,7
0,273,5,50
0,0,6,7
169,0,50,12
0,0,8,33
0,0,14,14
0,208,9,50
126,99,50,50
185,0,50,2
0,0,2,6
0,0,3,31
0,0,5,4
73,0,50,16
0,0,7,13
0,123,17,50
0,82,2,50
0,0,10,3
0,0,41,13
0,107,35,50
0,250,4,50
0,146,4,50
0,113,43,50
0,203,5,50
0,0,3,2
0,0,5,6
0,86,12,50
0,0,2,29
0,63,19,50
105,97,50,50
0,0,23,2
0,187,2,50
0,343,33,50
0,0,4,13
89,0,50,6
333,0,50,14
79,104,50,50
0,0,2,12
138,126,50,50
0,0,24,12
0,0,27,2
0,0,16,32
0,254,32,50
0,0,8,13
0,0,2,3
0,135,2,50
90,0,50,9
0,0,6,39
0,0,2,5
372,0,50,5
142,0,50,27
79,0,50,5
209,0,50,10
0,316,2,50
158,0,50,46
0,0,8,4
0,0,2,2
0,0,13,26
0,115,2,50
0,0,25,4
0,0,46,12
0,219,3,50
0,0,32,8
0,0,7,17
0,147,8,50
0,0,3,16
0,156,46,50
0,0,2,12
84,0,50,2
203,0,50,22
0,181,25,50
67,0,50,2
0,0,4,47
0,0,2,10
204,91,50,50
200,86,50,50
0,0,22,4
0,0,9,14
0,0,5,15
0,0,2,17
119,0,50,7
0,0,17,2
0,0,25,32
175,228,50,50
0,0,39,8
126,211,50,50
130,0,50,2
0,0,46,5
0,0,4,3
0,98,14,50
0,0,14,46
0,0,3,2
0,0,28,5
0,0,9,4
107,139,50,50
333,0,50,34
0,0,19,9
0,0,8,4
0,0,14,40
0,235,3,50
0,0,3,8
0,0,6,41
0,0,3,18
172,239,50,50
0,155,8,50
0,0,3,42
0,0,17,4
0,0,3,3
0,0,9,44
120,0,50,13
0,131,50,50
0,0,15,3
0,0,8,9
0,211,13,50
0,0,23,10
0,0,13,2
0,113,5,50
0,0,4,12
0,90,18,50
0,0,27,15
0,167,14,50
162,0,50,6
115,101,50,50
67,0,50,5
0,0,20,3
0,0,17,8
0,243,11,50
0,0,6,2
62,168,50,50
0,119,7,50
0,0,3,4
0,354,5,50
0,0,6,6
0,0,7,6
115,0,50,17
0,0,3,4
0,77,22,50
0,0,2,7
0,191,7,50
0,0,2,10
0,0,9,2
0,0,7,5
0,193,18,50
0,0,6,9
0,0,14,9
0,0,4,4
93,0,50,4
0,0,11,2
0,132,2,50
199,0,50,24
83,188,50,50
0,0,11,4
0,0,16,2
211,0,50,23
0,0,29,3
0,0,4,2
0,0,13,17
0,0,42,3
0,0,6,9
0,209,3,50
0,0,20,27
0,0,5,36
0,0,12,4
0,0,3,14
0,0,3,48
0,0,17,2
0,0,12,11
0,0,3,10
234,0,50,39
0,221,5,50
0,0,5,4
101,105,50,50
90,0,50,48
0,0,8,16
0,0,4,3
0,0,46,15
0,0,6,9
0,0,24,2
0,0,10,10
0,0,12,36
162,0,50,18
110,0,50,49
0,0,4,4
324,0,50,3
0,143,9,50
0,0,38,12
0,0,3,12
0,0,5,34
0,218,23,50
0,0,6,11
139,0,50,6
0,433,7,50
0,0,2,2
0,0,2,21
0,0,3,14
0,0,16,11
0,0,11,3
0,172,35,50
0,0,20,37
0,0,2,13
0,0,27,35
0,90,4,50
0,99,15,50
0,0,11,50
0,0,2,15
0,85,12,50
127,0,50,4
0,0,2,5
131,203,50,50
0,149,2,50
0,0,6,30
0,0,6,4
0,0,6,6
0,216,5,50
106,0,50,6
0,0,9,8
0,0,28,25
0,0,2,5
0,0,12,4
0,0,5,5
0,0,5,11
0,105,30,50
0,0,22,18
0,170,5,50
0,242,3,50
0,0,2,17
0,0,3,6
0,0,5,3
0,0,15,9
0,0,6,4
0,0,2,4
78,0,50,6
148,0,50,22
0,0,4,4
0,0,29,4
0,160,4,50
199,0,50,3
0,0,5,8
0,0,33,20
163,196,50,50
0,211,5,50
0,0,14,4
0,0,9,2
0,0,11,26
0,0,8,48
0,0,21,3
0,0,3,41
0,199,2,50
0,0,2,31
0,0,18,2
0,0,6,19
0,71,20,50
126,0,50,21
0,0,12,12
0,0,3,49
0,212,10,50
0,0,4,7
0,0,3,3
0,0,22,3
146,0,50,3
0,0,9,2
0,168,6,50
0,0,3,12
0,87,18,50
0,0,36,32
0,0,11,6
0,0,12,9
0,0,18,2
218,0,50,2
118,0,50,3
0,0,6,20
0,0,11,13
0,0,17,8
0,0,9,2
0,0,4,7
0,77,11,50
169,0,50,12
0,0,14,45
160,0,50,3
191,0,50,15
102,0,50,25
0,0,16,11
265,0,50,40
0,0,4,5
0,0,5,4
0,0,41,15
161,0,50,5
0,0,21,12
0,0,2,15
0,0,21,5
0,0,3,5
0,0,3,4
0,0,12,9
0,0,4,6
0,0,32,27
0,0,26,26
0,0,3,3
0,111,3,50
284,0,50,5
0,0,8,6
0,0,28,2
0,0,49,9
0,0,14,2
0,0,6,3
0,0,8,22
0,0,16,2
0,0,50,17
0,0,2,12
0,0,4,7
0,0,8,25
0,245,2,50
0,0,2,7
0,0,5,8
0,142,34,50
0,71,47,50
0,107,2,50
290,0,50,2
82,0,50,7
0,0,4,3
0,75,3,50
0,89,29,50
0,0,16,40
275,0,50,10
0,0,31,9
244,0,50,14
0,0,2,13
0,0,20,7
0,0,3,2
0,0,13,26
0,0,9,45
0,89,8,50
0,0,6,2
0,0,2,13
0,0,2,3
0,116,45,50
0,0,7,41
0,0,3,6
0,0,7,4
0,0,8,9
43,0,50,3
0,0,7,2
386,0,50,7
0,0,2,6
0,0,28,19
163,0,50,4
0,0,4,2
105,0,50,4
0,0,8,3
177,0,50,14
0,0,17,2
0,119,18,50
0,174,9,50
0,0,49,7
0,0,44,2
0,0,12,22
0,0,3,9
0,0,8,17
98,0,50,8
0,0,3,31
0,0,28,3
198,0,50,4
0,0,11,21
175,0,50,15
314,275,50,50
55,205,50,50
0,0,4,9
0,0,19,3
0,0,45,3
0,0,3,14
178,0,50,8
0,0,5,4
306,0,50,4
0,0,45,17
0,233,21,50
0,0,5,17
270,0,50,6
0,0,24,21
0,0,7,11
239,0,50,2
0,0,16,13
0,0,5,35
0,0,2,2
0,0,4,5
0,0,9,8
0,0,15,3
0,217,2,50
0,0,5,13
279,212,50,50
0,0,9,9
0,0,6,3
266,0,50,5
137,0,50,8
0,162,11,50
0,0,28,33
96,0,50,4
0,0,12,5
0,0,3,25
0,0,9,7
0,0,3,4
0,0,3,9
0,0,4,4
0,0,5,29
0,0,41,45
135,0,50,3
0,0,3,15
0,181,21,50
0,0,2,13
118,197,50,50
81,0,50,4
435,0,50,10
0,103,31,50
0,88,13,50
0,0,5,23
0,156,6,50
0,0,4,4
0,0,4,15
0,228,3,50
106,0,50,5
0,110,5,50
95,0,50,10
231,0,50,9
0,0,2,12
98,118,50,50
0,0,13,5
0,0,3,5
0,100,20,50
0,0,6,43
107,0,50,11
0,0,6,23
0,0,6,2
91,102,50,50
0,0,7,4
0,93,5,50
0,0,4,7
0,0,8,2
0,0,30,4
0,0,10,3
113,0,50,3
0,0,3,5
0,0,19,6
0,212,4,50
0,0,20,4
0,67,15,50
0,0,6,12
222,0,50,2
0,0,22,43
0,0,23,8
122,0,50,3
0,0,20,2
0,0,33,3
0,0,7,6
0,0,4,2
0,0,2,13
0,0,13,2
0,0,9,30
0,72,10,50
0,0,20,2
0,0,6,17
0,140,3,50
0,0,3,13
260,0,50,8
98,0,50,11
0,0,7,7
0,0,2,31
0,0,4,3
0,0,2,4
0,0,7,22
0,0,9,3
127,95,50,50
0,345,11,50
65,0,50,3
0,0,11,24
209,0,50,18
0,0,5,2
0,0,2,18
0,0,22,3
0,83,6,50
134,150,50,50
98,264,50,50
0,0,45,6
0,91,4,50
105,0,50,12
0,0,2,33
296,402,50,50
0,0,3,16
208,0,50,18
0,89,50,50
0,0,22,4
0,178,32,50
0,0,28,13
0,0,2,6
0,407,20,50
95,0,50,8
0,0,5,10
0,0,3,21
0,150,7,50
0,0,31,13
0,123,3,50
0,0,2,4
0,0,28,3
0,0,28,16
0,0,5,21
209,0,50,14
0,0,21,4
0,0,26,3
0,142,6,50
0,0,33,46
0,0,2,8
0,0,6,5
0,0,7,41
0,128,7,50
0,0,44,6
0,141,10,50
0,0,5,22
0,0,5,7
189,124,50,50
0,0,25,5
194,0,50,3
0,0,3,9
0,0,4,26
0,0,2,19
0,0,10,5
0,0,10,6
0,0,3,2
0,0,2,4
0,0,2,20
0,0,24,5
137,0,50,2
0,0,14,13
0,65,27,50
0,0,2,4
300,0,50,42
97,0,50,8
0,0,2,17
0,0,2,14
91,98,50,50
0,0,2,17
0,0,11,3
0,0,3,4
0,0,9,10
0,0,9,18
247,0,50,6
0,0,10,9
0,0,5,24
0,0,9,5
0,0,6,10
0,0,4,13
0,117,15,50
0,0,17,10
0,0,28,4
0,0,5,3
0,0,33,6
208,0,50,10
75,0,50,21
0,0,9,43
0,0,5,45
0,0,10,13
0,0,12,2
0,0,18,4
0,0,35,14
0,0,6,29
0,0,9,20
0,0,19,2
0,0,18,7
0,0,2,12
139,140,50,50
0,0,5,2
158,120,50,50
0,75,7,50
0,0,4,48
0,0,2,22
132,0,50,3
94,0,50,8
0,0,5,38
373,0,50,18
0,0,16,2
0,0,6,9
0,98,2,50
0,146,18,50
0,0,3,3
120,0,50,25
0,0,5,3
0,0,3,5
0,0,4,10
201,0,50,30
0,0,5,3
0,0,3,36
0,0,5,4
0,0,8,6
0,0,4,18
92,0,50,2
0,0,5,13
0,0,22,6
0,0,22,7
0,113,6,50
152,0,50,10
121,141,50,50
0,0,18,9
0,0,2,11
242,101,50,50
0,0,11,28
90,0,50,34
0,0,13,12
0,0,11,3
0,179,6,50
0,0,28,5
129,0,50,34
0,0,8,10
0,0,21,4
0,0,23,3
0,66,3,50
0,0,24,5
0,0,28,2
0,0,7,20
0,0,8,9
0,0,2,7
0,0,8,2
0,0,7,13
0,0,13,5
0,0,4,8
0,0,2,2
127,0,50,9
0,0,9,7
0,0,25,26
0,0,24,2
178,0,50,8
195,0,50,6
115,0,50,8
0,0,3,23
0,65,5,50
0,0,10,34
0,0,18,17
0,0,11,17
0,0,4,36
0,0,35,15
96,0,50,21
0,376,3,50
0,0,7,2
0,0,41,5
125,452,50,50
0,0,9,4
0,183,2,50
0,0,3,2
0,0,29,14
0,0,10,8
0,0,3,35
0,0,2,2
0,260,30,50
286,0,50,5
0,0,3,2
0,158,3,50
151,0,50,10
0,0,3,4
128,140,50,50
0,0,44,6
0,0,7,11
0,0,9,18
128,0,50,3
0,0,11,7
0,0,27,7
0,0,12,50
0,0,3,4
94,0,50,9
0,0,5,25
0,0,45,2
0,0,26,16
0,0,2,2
0,0,9,4
0,169,50,50
196,0,50,3
0,0,7,7
0,0,36,22
0,0,2,9
0,0,14,9
0,0,19,20
0,124,4,50
0,0,23,8
0,0,28,7
0,69,50,50
0,0,4,4
0,0,27,8
0,0,9,9
0,0,5,9
0,0,3,3
0,0,9,10
0,129,3,50
0,0,3,12
215,104,50,50
0,0,14,10
0,0,2,14
0,0,11,10
0,0,43,6
0,0,9,14
0,0,8,4
0,58,21,50
0,0,16,8
0,85,8,50
121,128,50,50
0,0,37,12
67,84,50,50
200,0,50,2
0,0,5,49
0,136,5,50
0,138,4,50
0,0,30,13
73,0,50,2
0,0,3,4
214,0,50,12
0,0,27,23
0,0,7,5
0,0,5,8
0,0,11,45
0,0,6,8
275,0,50,11
0,96,11,50
0,0,21,2
0,0,7,15
0,0,39,7
0,0,6,13
0,0,17,2
88,0,50,7
242,120,50,50
0,153,8,50
0,0,14,14
0,0,10,4
0,0,10,5
138,0,50,2
139,0,50,24
243,0,50,46
0,0,11,10
0,0,4,3
300,168,50,50
0,0,5,9
0,0,3,10
0,0,11,6
0,199,3,50
0,0,5,12
0,0,15,7
0,0,11,13
53,0,50,3
288,108,50,50
0,0,26,5
0,0,2,33
0,0,9,19
0,0,15,5
0,0,7,16
0,0,10,18
0,256,9,50
0,0,15,6
0,0,48,2
0,0,4,19
0,0,39,43
0,0,3,15
0,0,44,30
0,0,35,4
0,0,3,5
0,0,13,20
0,146,4,50
154,0,50,7
174,0,50,23
0,157,2,50
0,0,16,2
0,0,3,13
0,118,3,50
0,295,3,50
0,0,49,6
0,181,6,50
144,0,50,16
0,0,38,4
173,0,50,15
0,0,8,6
0,0,3,4
0,198,9,50
0,0,7,16
0,0,3,9
121,67,50,50
0,0,5,8
0,0,3,5
0,0,4,8
0,220,4,50
0,0,31,5
0,0,6,37
0,0,6,13
0,0,2,25
0,0,18,5
0,0,22,7
0,0,12,28
0,0,13,4
0,0,7,7
0,0,9,5
0,0,10,8
70,0,50,36
0,0,2,42
92,115,50,50
0,0,4,33
0,0,10,5
0,0,6,2
0,0,6,44
127,0,50,11
0,0,2,11
0,0,4,2
185,137,50,50
0,145,13,50
0,0,3,3
0,0,3,20
0,0,13,6
0,0,13,39
0,113,28,50
0,302,2,50
0,0,9,22
0,0,5,7
0,0,8,2
0,0,16,2
98,88,50,50
153,0,50,5
0,0,7,24
0,0,4,4
115,0,50,28
0,274,6,50
194,0,50,6
264,0,50,18
0,0,12,22
0,0,11,12
0,0,9,9
0,0,26,14
0,0,6,12
0,102,7,50
0,0,18,6
0,0,19,3
197,0,50,40
0,0,10,27
226,0,50,12
0,0,3,16
191,0,50,2
0,0,10,4
198,0,50,3
0,0,6,24
0,0,9,6
0,0,3,16
0,77,24,50
0,0,3,3
70,146,50,50
0,0,3,6
0,275,3,50
0,0,46,3
0,0,2,2
203,0,50,12
0,0,4,2
0,0,5,8
0,228,2,50
0,0,2,22
0,0,3,9
0,0,22,26
103,0,50,10
0,0,6,3
0,0,11,2
0,220,8,50
0,0,4,48
107,147,50,50
0,101,8,50
101,0,50,12
0,0,4,44
218,0,50,35
195,0,50,6
0,84,3,50
0,0,7,15
0,0,37,13
0,0,3,48
0,90,33,50
0,0,29,6
0,0,16,6
0,109,3,50
0,198,32,50
322,244,50,50
0,0,3,4
94,0,50,21
0,0,5,14
0,0,5,10
0,0,31,23
0,0,2,5
0,0,2,33
0,0,7,9
0,0,39,5
94,0,50,10
186,0,50,10
0,0,7,32
0,160,3,50
0,210,22,50
0,0,2,25
0,0,3,19
0,0,6,12
0,0,3,4
0,71,20,50
0,0,25,38
0,0,5,2
0,0,4,4
0,0,8,6
242,0,50,35
116,0,50,29
0,0,32,13
0,0,4,25
0,0,10,2
0,0,21,4
0,0,18,10
0,0,5,3
0,0,46,12
0,0,4,6
0,0,20,2
0,143,12,50
0,0,13,2
0,206,12,50
0,0,9,14
222,0,50,20
0,0,16,8
0,0,4,3
0,240,11,50
0,94,8,50
0,0,44,7
0,0,5,8
303,0,50,21
0,0,32,3
0,0,4,47
0,0,5,2
0,390,4,50
0,0,6,4
151,0,50,2
0,184,6,50
0,0,9,20
0,0,37,6
0,0,6,2
180,0,50,4
258,0,50,22
80,0,50,2
0,126,12,50
0,0,2,9
0,94,5,50
0,228,8,50
0,0,32,3
0,0,14,34
0,0,3,3
100,0,50,24
0,81,26,50
0,0,2,5
206,154,50,50
112,72,50,50
0,0,3,3
141,259,50,50
0,0,12,3
0,0,2,3
181,0,50,27
0,0,4,3
0,0,13,2
0,93,3,50
0,0,9,17
0,128,32,50
76,195,50,50
0,0,47,4
0,145,5,50
0,0,2,8
0,0,6,42
0,0,21,5
0,0,2,8
122,0,50,21
0,0,3,4
0,0,4,10
0,123,9,50
0,0,5,2
0,0,10,21
0,0,11,2
0,100,18,50
0,193,14,50
108,0,50,5
0,155,2,50
153,0,50,8
0,0,5,4
0,143,8,50
0,0,3,3
0,0,4,19
0,0,22,36
0,0,4,7
0,145,2,50
165,0,50,2
96,0,50,14
0,0,7,8
0,0,6,9
0,81,12,50
0,0,35,26
0,313,18,50
103,85,50,50
0,0,4,9
0,0,3,18
0,0,6,6
0,0,5,4
0,0,12,5
210,0,50,37
0,0,48,2
0,0,2,7
0,0,23,5
0,0,2,24
0,0,3,4
0,0,7,9
0,0,24,9
137,0,50,5
0,0,6,9
0,99,10,50
0,0,4,28
0,0,46,8
0,0,5,3
0,0,22,7
148,0,50,35
73,0,50,4
0,0,18,7
188,0,50,7
0,114,5,50
0,0,6,3
0,0,8,3
0,0,3,5
0,0,40,20
0,0,31,3
105,0,50,3
0,0,7,4
125,180,50,50
0,235,2,50
0,135,23,50
0,0,11,7
0,0,3,5
0,0,20,3
0,140,27,50
0,0,16,4
126,0,50,2
0,0,27,22
0,189,36,50
0,148,9,50
0,0,29,7
0,0,5,3
190,0,50,20
0,0,2,2
134,0,50,40
0,0,6,7
0,141,32,50
0,0,3,13
104,0,50,29
0,137,2,50
0,0,16,9
0,0,2,2
0,0,5,32
0,97,50,50
0,0,9,14
0,0,2,31
0,79,2,50
0,0,26,2
0,169,10,50
0,0,31,11
291,0,50,7
0,0,18,3
0,66,5,50
0,0,10,32
0,0,12,9
0,0,2,32
0,0,2,10
177,111,50,50
146,171,50,50
0,0,41,36
130,0,50,2
0,0,2,18
102,0,50,21
0,225,43,50
0,402,3,50
0,0,3,7
0,0,2,7
0,0,10,22
211,99,50,50
0,0,28,6
0,0,4,5
0,86,26,50
0,0,4,26
0,0,4,10
90,0,50,21
0,0,5,2
0,0,23,4
0,0,5,11
0,96,37,50
0,0,16,3
133,0,50,12
0,0,11,4
0,0,5,4
0,0,14,38
0,0,5,21
0,0,43,7
0,0,40,2
0,0,8,4
0,0,25,27
246,146,50,50
0,110,3,50
0,0,6,38
173,163,50,50
155,135,50,50
174,0,50,14
73,0,50,2
0,0,5,16
0,0,19,49
0,0,2,14
0,0,8,16
69,0,50,10
0,0,6,43
0,77,28,50
0,167,2,50
0,103,20,50
0,0,5,26
0,0,7,2
0,225,9,50
238,76,50,50
0,0,2,2
104,0,50,4
0,0,45,2
0,102,9,50
0,0,3,23
0,161,14,50
0,0,15,2
93,161,50,50
0,0,32,4
371,0,50,4
0,0,4,6
0,0,3,4
280,92,50,50
0,0,20,9
0,0,5,48
0,0,3,37
203,0,50,5
0,0,13,5
0,0,12,3
0,0,3,6
0,0,8,30
0,0,7,8
0,0,7,5
0,0,4,2
0,0,12,11
0,0,47,15
129,0,50,36
0,0,7,4
0,0,18,4
159,0,50,17
0,0,11,30
0,0,11,16
0,0,24,40
0,0,2,6
0,0,12,15
316,0,50,18
0,0,3,22
0,0,7,15
0,0,15,10
0,0,40,6
0,0,12,5
198,0,50,3
0,0,43,12
0,0,10,2
81,187,50,50
0,0,3,14
0,0,2,43
99,176,50,50
157,0,50,2
0,0,2,5
0,0,4,4
0,0,20,23
0,156,36,50
152,0,50,5
0,0,3,5
0,0,48,2
0,0,4,31
83,0,50,4
0,0,28,8
0,0,21,41
0,233,25,50
109,218,50,50
179,0,50,4
0,0,3,2
0,125,4,50
118,0,50,41
0,0,32,18
0,0,10,3
0,175,3,50
347,0,50,7
175,0,50,3
0,0,17,2
0,0,46,3
0,0,5,7
0,0,3,17
0,0,9,4
234,0,50,3
75,0,50,39
0,95,15,50
0,0,16,16
0,0,13,8
0,0,18,3
0,0,10,11
0,0,2,40
0,0,13,7
0,0,24,6
0,115,3,50
0,0,13,25
0,0,12,4
0,0,3,41
0,0,7,7
0,0,5,6
0,0,16,2
0,130,8,50
0,0,47,4
0,0,9,25
143,0,50,17
71,0,50,9
0,0,29,8
0,0,3,32
0,0,3,7
156,0,50,2
199,0,50,18
0,160,2,50
0,0,14,5
0,289,10,50
0,92,13,50
0,0,30,2
0,0,2,27
0,0,2,2
0,181,12,50
0,0,35,5
0,256,4,50
128,0,50,2
0,0,2,8
0,0,19,23
89,0,50,17
0,102,14,50
0,0,2,28
0,104,4,50
155,116,50,50
0,0,16,4
0,91,3,50
0,0,9,3
0,0,5,7
0,0,3,5
0,0,2,7
135,0,50,15
0,0,19,24
400,0,50,44
0,0,14,2
0,0,6,4
0,0,40,3
0,0,3,20
0,0,4,17
0,0,6,3
0,0,13,8
0,244,4,50
219,0,50,21
0,0,5,4
0,0,8,4
0,138,3,50
0,0,5,5
0,0,24,6
0,0,5,6
0,414,19,50
0,0,2,6
0,0,8,48
204,79,50,50
171,0,50,18
141,190,50,50
0,0,3,7
0,0,30,9
0,0,3,22
195,0,50,8
0,0,9,25
0,0,19,11
0,0,50,34
0,0,33,17
233,0,50,4
281,0,50,11
0,0,4,24
0,0,15,2
166,0,50,5
0,0,3,6
0,180,6,50
232,0,50,2
0,0,4,33
0,0,4,6
0,0,13,3
0,0,2,21
0,165,13,50
0,0,35,12
0,0,41,5
0,302,2,50
0,0,49,2
0,120,2,50
0,0,4,12
0,0,2,3
0,241,3,50
0,0,10,6
184,138,50,50
0,0,3,5
101,0,50,20
0,188,40,50
0,0,10,13
0,0,7,13
0,145,15,50
167,0,50,46
0,282,20,50
146,126,50,50
0,80,2,50
0,0,6,2
0,0,23,22
0,102,7,50
0,0,22,3
0,118,5,50
0,0,3,8
0,0,7,28
0,0,9,27
0,0,11,10
0,0,12,30
182,0,50,3
0,169,11,50
0,154,8,50
0,0,2,12
0,115,10,50
130,0,50,8
0,0,4,6
0,0,6,3
85,0,50,21
98,0,50,34
0,0,12,6
0,0,5,45
0,0,6,26
0,0,5,33
0,0,13,5
0,0,18,25
0,291,7,50
0,0,3,5
0,0,7,16
0,0,3,9
0,0,6,5
0,0,6,3
0,0,32,5
0,0,41,4
0,0,17,3
163,0,50,2
0,0,2,41
106,0,50,4
400,101,50,50
0,0,43,2
182,0,50,7
286,0,50,7
0,0,4,7
0,0,4,5
0,127,2,50
0,0,5,16
0,111,6,50
232,202,50,50
0,0,4,9
107,0,50,2
0,0,3,2
278,128,50,50
0,188,2,50
0,0,12,12
0,0,11,2
0,131,8,50
0,0,2,7
0,0,6,4
0,0,7,23
0,0,20,10
0,0,5,17
73,0,50,9
194,0,50,3
0,0,5,2
0,90,10,50
0,0,6,6
0,0,3,3
175,0,50,3
396,0,50,3
0,211,35,50
0,204,25,50
0,0,47,18
0,0,9,22
0,0,15,11
0,0,10,10
155,195,50,50
0,96,3,50
0,0,10,3
0,0,17,2
0,0,6,4
0,0,2,25
0,193,15,50
202,0,50,20
0,304,7,50
200,0,50,6
0,92,6,50
71,0,50,13
0,0,4,3
0,102,30,50
0,0,41,6
218,125,50,50
0,0,3,4
0,0,2,21
0,132,4,50
161,80,50,50
0,0,19,6
0,0,7,3
0,0,2,43
0,0,28,28
0,275,5,50
0,211,2,50
162,0,50,41
78,0,50,3
0,0,37,44
0,0,25,12
0,0,2,5
0,0,3,5
0,105,25,50
0,0,5,5
0,147,2,50
0,0,4,15
97,289,50,50
208,0,50,2
0,0,16,4
0,0,17,4
139,0,50,4
0,0,6,2
79,0,50,3
0,0,7,3
97,0,50,32
0,0,6,35
0,0,37,31
133,0,50,14
0,0,2,20
0,0,2,16
0,0,14,4
142,0,50,16
0,0,7,3
327,0,50,4
0,0,6,6
0,0,5,2
0,0,18,7
0,0,2,5
164,0,50,5
0,0,29,22
0,0,22,6
0,145,13,50
0,0,8,33
183,0,50,10
0,0,2,9
0,0,6,7
0,125,3,50
0,0,4,3
0,0,4,10
0,0,4,3
0,0,8,17
0,0,14,4
0,109,2,50
0,0,5,6
0,0,15,4
0,0,4,23
0,0,29,8
115,0,50,4
0,0,50,3
0,0,12,3
0,0,15,8
344,0,50,3
0,0,27,2
0,0,2,3
0,0,6,2
136,0,50,9
0,0,18,23
0,0,4,2
145,0,50,27
0,0,5,2
0,0,18,10
241,184,50,50
0,0,6,11
0,0,3,6
0,0,5,30
130,0,50,9
0,361,3,50
0,0,11,3
0,0,3,8
235,0,50,20
0,0,3,12
0,0,49,10
141,0,50,27
0,0,48,23
0,0,2,6
0,66,40,50
0,212,2,50
257,147,50,50
0,0,4,11
0,0,4,43
0,0,2,15
0,0,3,15
0,0,15,2
0,305,4,50
0,0,11,4
0,0,5,3
0,135,10,50
0,0,6,15
299,132,50,50
0,0,47,2
0,0,11,12
0,166,13,50
0,0,3,2
144,0,50,18
0,0,7,20
0,0,8,4
0,0,2,3
0,0,26,5
209,0,50,7
0,0,48,19
0,0,2,31
106,0,50,18
0,0,12,10
0,0,7,2
0,87,4,50
0,236,29,50
107,0,50,25
77,0,50,2
111,0,50,40
0,183,27,50
0,0,3,13
0,0,6,3
0,0,13,7
0,0,9,2
0,0,2,33
0,157,5,50
0,0,12,5
0,0,3,23
226,141,50,50
174,0,50,33
0,0,13,44
0,0,3,49
0,0,5,13
0,0,17,18
0,0,3,2
0,0,5,3
359,136,50,50
0,130,8,50
145,0,50,16
0,154,4,50
262,0,50,8
160,0,50,14
168,0,50,4
0,0,4,41
0,0,4,4
0,0,43,2
0,0,37,8
116,0,50,6
0,0,15,36
0,0,3,3
90,0,50,13
0,0,50,3
0,176,3,50
0,0,2,3
174,0,50,2
0,0,10,2
0,0,4,2
0,0,7,4
0,0,14,5
159,0,50,3
0,0,3,15
0,0,2,43
122,206,50,50
110,0,50,5
0,0,6,8
0,0,8,18
0,0,14,2
192,0,50,5
175,0,50,39
93,0,50,8
0,0,21,10
0,0,15,6
0,0,16,3
205,0,50,11
0,0,39,5
0,0,29,3
0,0,21,17
0,0,3,6
118,0,50,13
0,0,4,21
0,0,3,5
113,0,50,3
0,0,11,6
150,0,50,4
0,0,12,8
0,0,9,8
0,0,14,15
0,0,5,17
0,0,9,3
0,0,12,31
0,0,18,5
0,0,8,47
0,135,21,50
0,286,3,50
0,0,3,5
106,0,50,14
250,0,50,15
0,0,6,11
0,119,3,50
0,0,7,3
291,177,50,50
0,0,3,31
0,0,6,7
0,0,15,16
155,0,50,14
0,0,40,46
0,0,32,16
0,217,8,50
0,0,8,4
0,0,2,35
0,98,7,50
125,0,50,41
0,0,23,12
195,178,50,50
245,0,50,3
0,0,2,26
0,0,9,5
0,0,8,6
97,68,50,50
195,0,50,22
0,0,4,3
128,0,50,5
0,0,2,2
0,0,3,7
0,0,11,20
0,0,15,5
0,82,5,50
0,0,9,12
0,0,34,3
0,0,18,3
0,183,8,50
0,0,4,9
0,0,18,21
0,0,12,19
0,190,5,50
260,0,50,4
0,196,5,50
0,0,5,7
0,0,15,5
0,0,40,28
0,205,4,50
215,0,50,6
83,0,50,7
0,0,20,6
0,0,18,20
89,0,50,4
0,0,11,3
0,0,8,4
0,128,16,50
0,0,2,8
0,0,4,29
0,0,5,19
0,0,2,5
0,0,34,25
202,0,50,6
0,0,3,10
117,0,50,2
123,106,50,50
0,0,8,46
129,170,50,50
185,271,50,50
265,138,50,50
0,170,11,50
0,0,9,16
0,0,16,10
85,187,50,50
0,105,3,50
0,0,3,6
0,0,4,7
0,0,12,3
0,0,6,6
178,0,50,8
0,0,4,6
0,0,8,6
0,111,22,50
0,0,37,42
0,0,7,2
0,0,4,32
0,326,2,50
0,0,13,5
0,0,9,31
0,0,40,2
0,0,3,10
0,0,14,50
0,0,20,21
0,0,3,2
0,0,3,36
0,0,9,2
0,0,2,46
0,0,2,12
0,0,47,44
0,0,6,4
0,79,10,50
0,0,5,14
0,0,5,4
0,0,2,4
0,0,7,36
84,0,50,2
86,0,50,27
0,0,20,13
0,0,3,8
0,168,20,50
0,0,8,23
0,0,9,9
0,69,5,50
0,0,35,5
0,0,23,44
0,0,8,48
0,130,14,50
0,0,29,3
0,74,6,50
0,0,37,8
0,0,8,9
82,0,50,29
0,113,17,50
220,216,50,50
0,181,2,50
0,0,2,46
83,0,50,3
0,0,48,3
0,0,24,18
182,0,50,19
0,164,11,50
0,0,10,3
0,143,5,50
0,126,4,50
0,0,4,4
0,0,12,4
0,0,5,8
0,132,11,50
0,0,49,14
0,0,3,4
210,80,50,50
0,245,21,50
0,0,12,9
0,0,2,14
0,0,21,4
0,0,8,25
117,0,50,5
0,75,8,50
302,0,50,8
0,0,10,14
0,0,27,22
0,0,3,14
0,0,46,2
106,203,50,50
0,0,10,3
0,0,7,3
0,0,48,33
60,105,50,50
0,122,18,50
0,0,4,5
0,0,2,3
0,0,3,2
196,159,50,50
0,0,2,19
0,0,3,3
0,0,11,42
0,0,16,5
0,0,11,36
0,0,16,41
142,85,50,50
0,0,2,2
0,69,42,50
0,0,4,16
264,0,50,7
0,0,23,3
0,0,17,27
0,106,11,50
0,0,14,23
131,0,50,6
0,0,15,3
132,0,50,12
0,0,46,37
0,326,44,50
0,0,22,47
113,0,50,9
0,0,31,5
0,0,6,5
0,0,3,28
0,0,18,29
0,0,13,3
72,0,50,7
0,0,13,5
0,0,19,9
0,149,32,50
78,0,50,24
170,125,50,50
0,0,8,8
0,170,11,50
0,79,2,50
0,0,3,18
0,0,26,4
0,0,19,37
187,179,50,50
0,0,2,7
0,135,3,50
0,0,14,8
0,0,10,2
268,0,50,9
0,0,47,10
0,0,3,2
0,0,11,2
0,0,6,3
0,0,5,3
0,0,2,39
0,0,2,10
0,83,2,50
0,0,10,8
0,210,3,50
231,337,50,50
0,145,13,50
0,0,3,3
0,0,28,42
116,0,50,8
0,0,4,15
0,0,12,15
0,89,3,50
0,144,3,50
0,0,3,7
0,0,3,3
0,240,6,50
120,169,50,50
0,0,3,3
0,0,4,27
0,0,7,10
0,91,49,50
297,80,50,50
170,0,50,32
199,0,50,2
282,0,50,5
0,0,9,2
115,0,50,2
41,0,50,2
272,0,50,5
0,0,10,7
0,0,34,7
0,215,4,50
0,0,39,10
0,0,4,9
0,0,4,5
0,0,22,2
0,178,5,50
0,0,3,6
0,0,28,9
0,0,8,19
0,0,2,2
0,0,2,37
0,0,12,6
0,107,2,50
0,0,5,2
0,0,3,4
83,96,50,50
0,0,2,18
0,0,6,24
246,0,50,3
0,0,9,3
0,255,6,50
173,0,50,16
83,0,50,4
153,0,50,12
0,0,20,9
0,192,10,50
0,0,4,3
0,0,5,8
0,0,7,18
0,312,12,50
0,0,6,8
0,0,19,24
0,0,4,7
0,0,12,20
150,0,50,10
0,126,5,50
0,76,29,50
0,108,9,50
0,0,2,3
0,0,6,15
0,0,4,3
79,0,50,21
186,141,50,50
0,0,7,10
0,0,10,45
0,0,2,10
185,0,50,4
0,0,6,4
0,0,6,18
205,0,50,3
0,0,5,13
68,0,50,2
0,0,8,3
138,0,50,7
0,0,3,9
0,117,4,50
0,0,4,2
0,142,8,50
0,0,4,3
0,0,10,10
0,0,13,35
0,108,9,50
120,0,50,27
0,0,15,46
0,0,30,9
109,403,50,50
0,135,6,50
0,81,2,50
0,0,5,5
0,0,15,12
0,0,16,17
0,0,3,8
0,0,3,3
0,0,15,27
0,0,9,7
0,0,16,16
0,0,9,14
0,0,4,4
0,0,3,2
0,0,40,2
0,0,3,21
0,126,4,50
0,0,5,13
0,0,4,2
0,0,3,10
0,0,48,18
0,0,33,40
0,0,10,2
0,0,3,3
258,0,50,7
0,0,42,22
0,0,12,5
0,0,16,11
0,212,14,50
122,0,50,11
0,129,29,50
0,0,12,2
0,162,6,50
0,0,8,3
0,0,3,6
0,0,3,22
0,0,11,2
0,103,7,50
0,0,6,11
0,74,4,50
0,0,50,10
0,0,19,2
73,0,50,50
367,0,50,4
0,0,5,26
0,0,10,18
0,0,16,8
0,0,2,11
0,0,22,8
0,0,44,12
159,0,50,4
0,0,3,7
0,0,4,10
225,101,50,50
0,118,2,50
0,0,17,13
0,176,2,50
0,0,34,2
0,0,3,12
0,0,4,2
162,142,50,50
207,152,50,50
146,0,50,5
0,151,12,50
98,0,50,45
0,0,2,6
0,0,11,8
0,0,6,47
0,0,12,4
0,0,2,43
0,0,34,35
0,0,6,25
0,94,2,50
0,307,3,50
0,0,2,47
0,0,5,6
0,72,4,50
0,0,26,23
0,0,27,5
0,0,5,2
0,0,41,6
0,0,4,36
107,221,50,50
0,0,24,7
79,0,50,25
0,0,3,3
0,0,9,6
0,0,8,9
0,160,3,50
0,140,6,50
0,0,19,15
162,0,50,23
0,203,7,50
0,0,3,17
0,0,20,4
0,0,2,18
293,0,50,14
0,0,15,8
0,0,8,2
0,102,2,50
0,168,3,50
0,0,13,2
0,0,5,2
193,0,50,6
0,0,2,5
0,0,14,10
0,0,18,4
261,0,50,33
0,176,4,50
0,0,3,24
0,0,8,7
0,244,17,50
0,0,13,2
0,0,3,5
0,210,21,50
0,0,8,12
0,0,20,13
0,0,5,31
0,0,7,40
0,132,4,50
190,0,50,26
0,0,22,3
0,0,11,13
228,0,50,5
0,0,12,18
196,0,50,4
140,0,50,30
73,127,50,50
0,0,4,6
0,0,16,4
0,0,2,10
160,0,50,14
0,0,25,2
0,127,9,50
0,0,13,32
0,0,38,8
101,89,50,50
129,0,50,11
0,0,21,5
260,0,50,8
0,0,6,7
0,0,12,13
0,0,28,45
193,0,50,6
228,0,50,19
0,0,5,12
0,0,8,4
0,0,6,6
0,0,3,15
0,0,9,3
0,0,8,7
0,0,2,2
0,0,29,24
0,0,23,11
280,0,50,11
0,127,17,50
106,0,50,7
0,0,8,17
0,86,11,50
135,0,50,3
85,126,50,50
0,0,3,2
0,0,3,3
0,0,9,6
0,0,11,10
0,121,23,50
0,0,4,2
0,0,24,4
0,0,4,5
0,0,2,33
77,0,50,15
0,0,9,26
0,119,4,50
0,0,6,28
0,0,2,2
0,0,4,2
0,0,7,9
0,0,44,3
199,0,50,20
0,0,24,26
0,0,4,30
0,0,15,12
98,0,50,19
120,0,50,2
0,0,3,3
0,143,18,50
0,0,6,2
0,0,2,8
0,161,7,50
0,0,4,6
0,0,7,5
0,0,42,9
0,244,25,50
0,0,13,8
0,0,2,12
79,0,50,4
0,0,22,11
0,0,5,3
0,0,10,28
0,0,4,4
0,0,2,6
0,0,11,37
0,115,8,50
0,0,2,33
0,0,25,21
255,0,50,11
0,0,37,48
0,0,7,10
0,72,12,50
0,0,2,3
0,0,21,9
0,0,7,10
0,0,11,6
0,0,25,9
156,120,50,50
0,0,21,10
115,182,50,50
0,0,23,38
0,0,2,13
0,80,32,50
0,154,2,50
94,0,50,6
0,0,15,6
0,0,7,24
81,0,50,10
0,194,2,50
0,0,8,10
139,0,50,21
0,0,28,3
0,0,2,50
230,0,50,3
0,0,2,5
0,0,2,17
0,0,9,12
0,0,19,36
0,0,3,4
0,141,2,50
0,0,2,4
0,0,5,5
0,0,2,3
0,0,2,26
163,0,50,2
0,0,14,6
0,108,48,50
92,0,50,2
0,312,16,50
0,0,2,3
185,59,50,50
0,0,2,2
0,106,13,50
0,0,2,6
205,120,50,50
0,0,3,4
0,0,12,18
0,0,8,14
0,0,23,6
0,0,27,12
0,167,9,50
0,0,7,18
0,167,6,50
0,111,3,50
0,0,2,8
0,91,13,50
0,0,8,5
0,0,6,2
162,102,50,50
0,185,11,50
0,0,33,4
0,0,22,8
0,0,2,5
0,0,8,2
0,0,5,3
0,0,50,8
0,0,17,6
0,0,23,21
0,0,3,13
0,317,25,50
0,0,28,30
82,0,50,7
174,0,50,11
137,148,50,50
302,0,50,3
212,0,50,3
0,0,4,15
0,0,43,9
374,0,50,4
0,0,44,2
0,0,3,3
0,0,15,5
215,0,50,3
0,0,9,4
69,216,50,50
0,0,15,22
0,305,29,50
166,0,50,47
0,0,6,32
0,0,12,17
0,176,8,50
0,0,17,4
104,0,50,10
0,0,2,10
0,0,10,8
0,189,35,50
0,309,6,50
0,373,10,50
0,0,4,4
0,234,48,50
0,0,2,4
0,0,6,34
437,171,50,50
0,0,12,2
0,0,2,5
0,0,12,2
0,0,2,16
0,0,5,33
0,0,7,3
0,0,6,23
0,0,10,4
0,0,2,11
0,0,2,10
0,0,2,2
0,0,34,6
0,0,3,31
0,79,18,50
0,0,3,8
0,0,7,2
0,117,9,50
0,0,4,8
210,0,50,3
0,146,2,50
223,0,50,5
0,0,8,18
0,0,2,24
0,0,8,2
82,0,50,7
0,0,4,25
96,67,50,50
0,176,2,50
0,0,10,13
0,0,30,3
0,0,30,3
150,0,50,3
0,0,11,3
0,0,6,2
0,0,16,34
0,0,21,4
0,113,39,50
247,0,50,5
0,0,17,4
0,0,17,16
0,0,9,8
196,0,50,26
0,0,4,3
182,0,50,17
0,0,4,31
0,0,15,4
0,0,3,5
191,0,50,25
0,198,2,50
221,0,50,3
0,95,3,50
0,72,10,50
0,0,16,6
78,220,50,50
0,0,10,9
0,0,16,16
0,0,12,3
0,157,2,50
0,105,8,50
0,0,3,20
0,0,2,8
0,0,7,17
0,0,2,20
113,0,50,4
0,0,2,41
0,177,13,50
0,0,2,4
0,0,4,2
0,0,8,12
0,0,2,9
0,0,3,17
0,152,9,50
0,0,19,3
0,0,9,5
287,174,50,50
0,115,9,50
0,318,10,50
0,0,8,10
0,0,21,16
0,0,6,34
130,0,50,10
0,0,27,11
0,0,16,3
0,0,5,43
0,361,2,50
133,0,50,34
0,0,7,29
0,133,13,50
0,0,2,9
268,98,50,50
0,0,15,5
173,0,50,31
170,0,50,17
0,0,4,12
0,0,6,6
0,342,6,50
0,269,6,50
0,0,2,2
0,125,2,50
0,0,5,2
0,0,8,40
0,0,26,11
0,0,10,25
0,0,17,5
0,0,5,11
0,0,3,21
0,426,17,50
0,0,5,15
0,0,34,8
0,0,11,4
0,0,13,2
0,0,38,5
81,0,50,28
0,0,2,10
0,0,4,6
356,0,50,11
0,0,7,6
0,0,16,12
0,0,7,3
0,0,3,24
0,95,45,50
0,0,4,14
0,0,10,8
127,0,50,2
183,0,50,12
85,325,50,50
182,0,50,27
0,191,18,50
124,0,50,25
0,0,3,4
0,0,24,5
0,0,3,32
0,0,2,40
123,0,50,6
0,0,33,6
0,0,12,4
0,0,4,4
0,0,6,23
0,0,12,4
128,0,50,8
224,0,50,18
100,84,50,50
250,0,50,21
0,0,14,3
0,0,9,9
0,220,9,50
0,0,26,5
0,0,5,5
0,0,3,9
0,0,19,5
186,391,50,50
74,0,50,20
89,0,50,5
0,0,26,2
0,0,20,22
0,0,12,2
0,0,8,4
0,0,12,6
0,0,2,27
149,0,50,10
0,0,11,7
0,0,11,21
0,0,4,3
0,0,3,2
0,153,7,50
0,0,15,11
0,0,49,3
0,0,20,4
85,115,50,50
0,0,35,4
187,0,50,4
0,0,2,31
0,0,6,4
150,0,50,15
0,0,8,43
0,0,40,3
0,0,15,12
0,0,12,2
0,221,15,50
0,166,26,50
271,0,50,27
156,0,50,7
47,154,50,50
0,0,3,2
114,0,50,34
0,0,18,35
136,162,50,50
0,0,8,2
0,0,36,5
0,0,10,12
0,0,3,20
0,0,4,6
0,0,6,2
0,137,20,50
0,80,24,50
0,0,5,34
0,148,26,50
0,0,3,25
0,0,11,29
0,263,2,50
0,0,3,35
0,0,44,21
237,0,50,3
0,0,5,16
0,0,12,5
0,0,6,34
142,0,50,13
0,0,5,3
0,0,7,10
0,0,7,10
0,0,44,4
0,115,4,50
0,0,28,7
0,0,2,3
0,0,7,25
120,0,50,15
0,0,28,3
0,0,20,38
0,128,4,50
219,352,50,50
140,0,50,2
0,0,20,5
0,120,18,50
0,0,11,4
76,0,50,46
138,0,50,14
236,159,50,50
0,0,45,14
0,0,2,4
0,0,10,5
0,0,4,3
0,120,44,50
0,0,6,2
74,0,50,2
0,0,6,23
0,0,6,4
0,88,23,50
301,0,50,15
0,0,20,12
147,104,50,50
0,0,29,16
0,0,6,6
0,0,10,3
0,0,5,19
0,0,9,2
0,0,33,2
141,334,50,50
0,0,4,8
0,0,7,15
0,283,10,50
0,0,4,15
0,0,46,3
0,0,26,3
0,117,9,50
127,136,50,50
0,0,13,2
0,0,2,2
0,0,23,48
0,76,8,50
126,160,50,50
0,0,4,5
0,0,7,6
162,0,50,7
94,0,50,14
0,0,8,7
0,0,14,47
0,0,5,28
0,0,5,8
0,0,4,3
109,0,50,4
66,0,50,38
0,0,12,13
0,168,2,50
0,0,2,45
0,0,11,15
0,0,4,2
89,145,50,50
0,0,38,16
0,0,10,15
0,0,3,3
204,0,50,4
0,0,15,34
0,0,7,28
0,0,4,4
54,0,50,7
0,0,2,7
0,0,4,4
0,0,20,4
174,0,50,8
0,0,4,27
0,90,2,50
0,152,15,50
0,0,2,24
0,0,3,4
0,93,7,50
0,97,15,50
0,0,5,3
80,95,50,50
0,0,43,10
0,0,37,11
0,0,7,27
0,0,3,2
93,0,50,10
0,0,30,7
160,0,50,9
0,162,3,50
0,0,4,3
0,0,4,2
0,0,2,31
0,0,3,2
0,0,14,10
0,162,29,50
0,0,3,3
0,0,27,3
0,0,23,27
0,0,3,19
0,0,7,10
0,0,5,2
0,0,28,28
0,0,2,20
0,0,6,24
0,0,8,8
0,0,15,8
0,0,13,4
0,0,4,16
0,0,9,2
0,0,6,33
143,0,50,32
0,0,6,2
0,0,16,10
78,0,50,2
0,477,2,50
0,322,4,50
0,0,14,44
0,0,5,7
0,211,10,50
174,0,50,4
0,0,8,10
0,0,4,3
0,0,2,4
0,0,48,8
0,0,8,32
0,415,8,50
0,0,20,20
0,0,9,6
0,0,2,6
0,0,8,2
0,440,3,50
155,237,50,50
132,0,50,2
0,0,7,7
0,0,13,36
0,0,14,2
279,0,50,28
0,0,4,5
0,0,10,15
0,0,15,8
63,0,50,50
0,0,26,30
0,0,10,4
219,0,50,25
126,0,50,4
0,0,2,14
97,0,50,31
119,0,50,2
0,0,4,2
0,74,21,50
0,0,50,10
0,0,13,5
225,0,50,6
0,0,5,9
0,237,3,50
0,0,11,16
0,0,5,19
0,81,30,50
0,0,5,19
0,0,20,8
144,0,50,2
71,0,50,4
98,0,50,3
0,187,13,50
0,0,3,13
0,0,6,9
0,0,2,6
0,0,15,11
0,0,2,2
0,0,9,2
0,119,34,50
0,0,20,5
0,0,26,4
0,0,6,3
156,0,50,2
0,0,2,2
0,0,47,22
0,130,16,50
0,0,12,4
85,0,50,2
0,279,27,50
0,247,10,50
0,0,6,4
0,132,12,50
0,0,11,11
0,0,41,48
152,0,50,16
0,0,17,25
0,0,3,19
0,229,13,50
0,0,20,3
121,0,50,13
0,0,10,2
0,0,5,4
0,146,18,50
0,0,2,3
0,178,5,50
0,0,3,2
184,0,50,39
156,94,50,50
0,235,50,50
0,0,17,8
0,0,2,6
73,0,50,6
0,0,2,2
383,0,50,5
146,0,50,46
0,0,7,15
0,0,33,3
0,146,3,50
0,0,4,3
0,0,19,2
0,0,42,17
0,186,10,50
0,0,42,13
135,306,50,50
283,0,50,3
0,175,3,50
0,0,4,7
0,0,4,2
0,0,18,2
0,0,3,2
179,0,50,8
0,0,14,4
0,83,21,50
0,0,8,50
0,0,4,7
0,0,17,27
0,0,29,17
0,197,6,50
0,182,3,50
0,0,8,49
0,0,3,31
0,0,3,3
0,220,19,50
0,0,18,4
0,231,4,50
0,0,12,8
0,106,10,50
152,0,50,22
73,0,50,19
0,156,3,50
0,0,12,9
0,0,2,24
0,0,2,10
135,124,50,50
0,0,2,10
0,0,15,5
0,0,33,43
0,0,3,17
0,0,21,11
85,106,50,50
0,0,15,13
0,0,2,7
0,0,14,2
0,0,8,3
0,0,2,3
0,207,2,50
0,0,3,2
0,0,29,35
152,0,50,7
0,0,31,15
0,0,2,8
112,0,50,2
0,0,10,7
0,0,2,10
0,0,6,39
115,0,50,7
297,107,50,50
0,0,4,11
0,0,24,8
192,0,50,17
0,0,13,5
0,0,7,12
111,106,50,50
86,0,50,2
0,159,3,50
0,0,19,3
0,0,43,2
0,0,17,2
0,0,8,5
0,0,11,30
0,0,5,8
160,0,50,4
0,0,49,15
0,96,31,50
0,0,3,31
0,203,4,50
0,0,14,17
0,0,7,2
0,0,10,49
0,0,26,2
0,0,4,5
0,125,2,50
0,0,13,26
0,0,39,26
206,0,50,29
136,0,50,19
0,0,2,8
0,0,4,4
0,182,3,50
0,0,7,10
0,0,21,17
0,0,7,18
0,0,2,9
0,0,2,15
0,0,17,8
0,222,40,50
207,330,50,50
0,81,41,50
69,131,50,50
0,0,16,25
0,0,9,4
0,250,25,50
0,0,10,19
0,307,2,50
0,0,3,7
119,0,50,35
0,0,5,28
173,121,50,50
247,150,50,50
0,0,2,27
0,136,8,50
0,0,6,9
0,217,3,50
0,358,15,50
97,0,50,19
0,0,15,11
104,0,50,12
0,135,2,50
0,321,4,50
0,0,33,15
0,316,2,50
0,0,12,3
0,0,13,6
0,153,6,50
0,181,3,50
0,0,37,11
201,0,50,7
0,0,40,10
87,0,50,4
0,86,7,50
0,0,5,3
0,263,4,50
0,308,20,50
0,0,36,6
0,0,8,9
0,238,8,50
0,0,2,10
0,0,16,3
0,0,8,6
0,200,19,50
0,0,2,3
0,0,10,11
0,0,13,3
0,157,14,50
0,0,4,11
0,0,2,4
0,0,40,6
0,154,2,50
0,0,5,2
0,0,3,2
52,84,50,50
0,0,3,29
0,116,10,50
0,0,16,7
167,0,50,20
0,0,28,8
0,107,10,50
0,0,5,2
0,0,44,2
0,0,3,35
78,0,50,7
0,0,12,6
0,99,5,50
0,0,13,2
93,0,50,11
0,0,26,2
0,0,39,48
288,0,50,29
0,0,5,3
227,148,50,50
147,177,50,50
0,0,15,3
0,0,9,3
86,130,50,50
0,185,4,50
0,298,4,50
50,0,50,5
89,100,50,50
0,0,2,2
0,234,9,50
71,0,50,3
0,0,4,43
0,0,3,3
0,0,6,5
0,0,27,14
245,0,50,3
0,0,27,2
0,0,29,3
0,114,2,50
0,0,9,14
0,0,9,20
0,0,2,9
0,0,44,2
0,0,7,9
207,0,50,4
0,0,8,16
202,0,50,2
140,0,50,4
0,0,2,2
81,186,50,50
0,0,36,27
0,198,12,50
0,271,10,50
0,0,5,3
0,0,5,7
0,0,4,3
0,0,23,17
0,0,22,24
0,0,13,3
0,0,7,5
0,0,13,5
0,0,4,2
0,0,3,2
0,157,8,50
0,0,3,14
0,0,7,15
94,0,50,11
0,0,6,15
0,0,15,7
0,0,13,25
0,0,3,22
0,0,9,17
0,0,30,6
0,0,5,8
0,147,2,50
93,0,50,12
0,142,5,50
198,214,50,50
0,0,5,7
0,0,11,4
0,0,3,2
142,0,50,4
0,94,21,50
0,0,33,24
0,65,12,50
0,0,9,28
0,0,3,4
0,0,2,31
0,0,47,5
0,252,18,50
0,0,18,30
204,0,50,3
0,0,42,10
0,0,3,42
0,103,24,50
0,0,2,3
0,145,2,50
0,0,3,20
0,0,2,19
150,175,50,50
0,0,41,6
0,120,47,50
0,0,20,3
0,314,5,50
234,122,50,50
0,0,3,5
0,0,17,8
122,0,50,2
87,0,50,3
0,0,28,3
0,0,6,5
0,0,10,3
0,0,4,16
0,0,2,3
171,0,50,8
0,0,5,7
160,0,50,5
0,102,3,50
0,0,4,4
0,154,2,50
162,74,50,50
113,0,50,6
128,0,50,8
117,114,50,50
0,0,5,18
0,101,7,50
0,0,7,11
0,0,31,19
0,0,26,3
0,178,3,50
68,0,50,4
301,0,50,3
0,0,35,45
305,103,50,50
0,0,6,21
205,0,50,6
76,0,50,45
198,0,50,16
0,172,7,50
0,0,27,6
0,0,4,6
0,0,24,2
0,0,17,8
189,225,50,50
0,0,4,9
0,0,6,5
0,0,2,18
0,0,14,7
0,0,3,14
0,0,19,32
0,0,2,2
0,0,5,4
0,0,15,6
0,308,7,50
0,215,13,50
0,0,30,5
0,0,6,16
0,0,32,2
163,171,50,50
0,0,22,50
0,0,2,15
182,0,50,5
0,90,13,50
0,115,36,50
143,0,50,5
0,0,2,2
114,93,50,50
0,0,2,6
216,0,50,7
0,0,3,17
0,0,4,13
0,66,12,50
0,0,11,19
101,0,50,2
0,0,2,10
69,0,50,5
0,243,5,50
0,0,6,3
0,0,13,2
0,0,2,16
0,110,50,50
0,0,5,6
0,0,5,6
0,0,2,8
92,0,50,6
0,165,5,50
0,0,2,6
0,0,5,29
0,0,12,19
81,0,50,37
0,0,3,15
201,80,50,50
204,0,50,30
0,79,4,50
338,0,50,8
0,142,2,50
0,73,3,50
0,0,4,30
0,0,44,21
116,0,50,17
0,0,6,9
89,0,50,8
0,299,32,50
0,0,9,8
0,0,35,12
0,0,7,2
0,0,3,6
0,0,6,5
0,87,3,50
0,0,3,3
103,0,50,3
0,0,14,3
0,0,4,38
0,0,3,3
0,117,39,50
0,78,7,50
0,0,3,7
0,0,3,7
0,0,42,14
0,0,6,24
272,0,50,5
0,0,2,21
0,0,37,3
82,0,50,6
98,0,50,4
0,0,9,3
0,128,32,50
0,0,9,36
0,0,38,6
0,0,4,6
74,0,50,33
0,107,10,50
85,0,50,7
0,0,32,6
0,230,42,50
0,0,14,14
0,118,2,50
0,0,6,8
0,0,8,5
75,109,50,50
0,0,2,18
0,76,11,50
0,0,47,4
123,237,50,50
82,0,50,17
0,0,4,26
0,195,4,50
197,157,50,50
0,0,4,4
0,0,2,10
0,0,5,2
0,0,7,40
0,0,5,3
0,0,11,2
0,0,4,3
0,0,15,2
0,0,3,3
0,0,9,34
0,0,7,28
0,0,5,7
0,0,7,26
0,0,3,22
405,0,50,3
0,223,8,50
0,0,2,11
0,0,6,3
171,106,50,50
0,0,5,5
0,0,2,5
0,0,4,20
387,0,50,6
95,0,50,12
0,0,3,5
123,0,50,25
0,0,42,2
0,0,3,12
146,0,50,4
0,0,7,14
145,266,50,50
0,0,13,19
79,117,50,50
0,0,2,4
61,0,50,8
0,0,12,44
0,237,13,50
134,0,50,7
86,0,50,6
0,0,38,2
0,0,7,19
0,0,6,10
126,83,50,50
0,0,2,17
0,0,6,17
115,0,50,32
0,145,5,50
0,105,34,50
86,0,50,5
0,0,7,7
0,0,3,2
239,0,50,2
0,0,12,22
0,0,6,6
0,0,19,2
0,0,16,16
0,0,4,4
0,0,27,10
170,0,50,6
0,0,2,43
0,0,2,4
0,0,6,5
0,0,5,6
0,157,3,50
0,179,5,50
0,153,6,50
0,165,22,50
0,0,18,10
0,0,8,30
229,148,50,50
0,0,12,18
0,0,46,11
281,0,50,10
0,177,4,50
0,0,4,3
0,0,15,3
0,0,3,3
0,0,29,42
186,0,50,4
0,222,21,50
220,0,50,3
0,0,5,28
0,77,9,50
0,0,5,2
291,0,50,42
0,70,2,50
0,0,20,8
0,76,12,50
0,0,38,3
0,0,5,12
0,0,23,2
0,202,7,50
0,135,15,50
0,114,3,50
0,0,3,5
0,0,4,21
0,0,10,8
0,0,3,3
0,0,2,3
0,0,21,31
0,0,15,16
0,0,24,7
0,0,4,44
0,98,2,50
0,251,2,50
243,0,50,37
0,0,34,2
0,0,9,3
0,0,26,18
0,0,20,7
0,0,2,11
0,0,7,5
0,0,16,3
162,0,50,48
0,0,3,2
143,0,50,38
0,0,28,19
67,0,50,25
0,0,13,17
0,0,3,14
0,0,5,2
0,0,3,17
0,0,4,5
0,0,2,4
0,326,32,50
67,0,50,2
0,181,11,50
0,88,6,50
147,0,50,2
0,0,8,6
0,0,21,14
0,0,2,2
0,0,4,4
0,0,4,26
0,0,38,4
0,84,3,50
0,0,18,2
87,0,50,18
133,90,50,50
0,116,44,50
0,0,5,31
0,149,43,50
183,0,50,13
0,0,40,6
0,0,19,5
0,0,2,10
188,0,50,5
0,0,38,21
160,0,50,2
0,198,7,50
93,0,50,4
0,0,4,3
0,0,18,17
0,0,31,22
0,0,3,20
0,0,22,4
0,0,7,6
0,0,2,3
0,130,6,50
0,0,3,3
0,0,32,47
0,0,33,7
438,0,50,4
0,0,5,2
0,0,20,26
281,0,50,4
0,0,3,7
148,0,50,21
0,232,8,50
0,0,3,7
71,0,50,7
0,0,7,13
0,0,2,6
0,0,17,7
0,0,4,45
0,0,14,14
0,0,8,8
0,77,44,50
0,0,10,6
0,0,3,8
0,0,4,5
0,244,26,50
202,115,50,50
0,0,15,13
179,0,50,30
0,0,20,8
0,0,2,23
241,0,50,4
171,0,50,4
129,445,50,50
0,0,2,2
0,0,15,14
100,0,50,2
0,0,3,48
193,0,50,3
203,0,50,4
0,0,6,10
0,0,5,4
0,0,25,22
0,0,4,14
0,0,9,2
0,0,5,13
0,160,10,50
105,0,50,2
257,171,50,50
0,343,5,50
245,0,50,15
0,0,7,3
126,0,50,3
0,0,26,13
0,0,4,18
90,0,50,8
0,0,8,30
0,0,10,5
152,0,50,20
0,0,15,5
187,0,50,24
0,0,4,4
0,143,25,50
0,218,2,50
104,164,50,50
166,0,50,47
0,0,19,6
0,0,3,5
0,0,10,5
0,0,5,7
0,0,6,3
0,0,6,26
0,0,28,2
172,75,50,50
126,80,50,50
0,110,19,50
0,0,29,3
0,69,11,50
0,0,38,2
0,173,40,50
0,143,6,50
0,0,2,5
0,275,4,50
0,289,2,50
0,88,4,50
0,0,6,3
147,0,50,46
0,189,4,50
0,0,6,10
0,0,11,4
0,0,9,8
237,0,50,8
0,0,13,3
0,0,3,22
0,0,10,11
0,0,5,15
80,0,50,10
0,0,6,3
0,103,2,50
0,0,3,10
170,0,50,4
0,0,4,3
0,146,42,50
169,162,50,50
0,0,3,3
141,133,50,50
0,0,2,4
167,0,50,14
129,0,50,14
109,0,50,43
0,73,36,50
0,0,20,8
0,0,48,4
0,0,13,4
0,0,20,14
0,138,46,50
0,0,15,7
0,0,9,24
0,169,11,50
0,0,2,3
149,88,50,50
0,0,14,3
225,102,50,50
279,251,50,50
0,0,21,2
0,0,4,3
0,0,9,2
0,271,4,50
0,0,10,8
0,0,6,2
81,0,50,7
0,97,30,50
0,178,8,50
0,0,3,42
0,0,20,16
0,0,15,3
0,0,14,3
0,0,17,13
0,0,2,7
117,0,50,38
0,0,2,14
149,0,50,21
100,0,50,10
0,206,9,50
91,152,50,50
267,0,50,7
0,0,2,3
0,0,5,27
0,0,7,3
0,0,4,2
0,0,5,7
0,141,5,50
0,0,2,3
0,0,5,10
0,193,8,50
0,0,36,2
0,0,32,9
0,0,45,6
0,0,12,18
107,0,50,7
0,0,43,12
0,0,2,48
0,0,2,11
0,0,4,8
0,0,9,8
152,0,50,10
0,106,7,50
0,0,20,3
0,179,2,50
117,226,50,50
0,123,4,50
0,0,4,4
0,0,8,20
0,193,3,50
144,0,50,6
0,0,11,4
0,0,10,5
105,0,50,47
0,0,7,16
0,0,6,14
0,0,23,31
79,0,50,9
0,0,3,8
81,0,50,13
0,0,7,23
0,0,12,8
71,205,50,50
0,0,34,10
0,96,8,50
0,0,17,4
214,0,50,12
0,0,16,5
271,0,50,14
0,0,25,2
183,0,50,5
0,0,14,4
0,0,5,8
0,0,49,4
0,0,5,8
0,165,5,50
0,0,5,2
0,0,3,3
113,0,50,40
0,0,17,41
364,0,50,2
0,0,5,9
0,0,8,2
0,0,15,9
0,0,3,11
108,0,50,2
0,0,15,11
0,0,3,24
0,0,11,4
0,0,5,27
0,148,6,50
0,259,5,50
0,121,19,50
0,0,36,8
0,0,46,6
0,0,11,12
147,205,50,50
0,0,5,5
172,0,50,8
0,0,4,3
260,0,50,5
0,0,17,4
0,112,27,50
0,0,3,3
0,0,4,3
0,89,42,50
0,87,5,50
0,0,13,7
156,207,50,50
0,0,11,17
0,0,18,12
0,164,22,50
0,0,4,40
0,0,28,14
0,0,25,18
0,0,3,31
0,97,16,50
0,0,2,10
0,0,2,6
0,151,3,50
0,0,6,5
0,0,5,39
0,0,2,5
0,0,7,3
0,0,4,4
0,0,23,5
0,0,2,3
0,0,10,3
0,0,12,7
0,0,2,2
122,107,50,50
0,0,26,5
0,99,5,50
0,0,2,4
0,0,6,2
0,0,9,3
0,231,11,50
0,0,4,18
0,0,7,7
0,0,20,15
0,224,3,50
0,0,13,12
0,0,8,8
277,0,50,21
0,160,2,50
112,0,50,9
0,0,23,3
0,97,20,50
107,101,50,50
0,0,11,3
0,75,38,50
0,0,14,5
74,0,50,5
130,0,50,14
0,141,5,50
109,176,50,50
0,101,11,50
0,0,3,48
0,0,12,3
0,0,32,41
0,0,6,2
0,324,3,50
0,244,10,50
0,0,5,11
0,0,2,31
74,0,50,2
0,0,2,11
0,0,3,5
0,0,2,20
197,0,50,31
0,0,10,7
147,194,50,50
0,0,30,3
0,380,5,50
0,0,2,12
0,0,3,3
0,0,3,5
0,0,2,36
0,0,15,4
0,0,8,3
0,74,6,50
0,0,2,2
222,0,50,28
232,0,50,5
91,0,50,8
0,108,2,50
0,0,18,33
0,259,2,50
0,272,49,50
0,0,7,3
0,0,7,6
0,0,12,4
0,166,11,50
0,0,5,10
208,0,50,9
0,0,15,15
0,0,9,8
0,0,26,3
0,0,40,5
122,131,50,50
82,0,50,5
0,302,44,50
0,0,3,3
0,0,4,23
0,0,3,6
138,0,50,12
140,0,50,22
0,0,9,15
0,103,10,50
0,0,4,8
279,200,50,50
315,0,50,2
138,0,50,29
0,105,6,50
0,0,3,2
245,0,50,5
0,0,3,2
0,0,3,2
0,0,29,3
0,0,38,3
0,267,17,50
0,0,11,5
151,76,50,50
0,0,11,26
103,0,50,3
0,0,10,24
0,0,23,18
0,169,8,50
121,0,50,7
0,0,27,4
0,100,2,50
0,0,7,13
0,79,4,50
0,0,6,6
134,383,50,50
0,110,4,50
0,0,17,10
0,0,28,28
0,167,6,50
0,0,37,19
0,0,13,38
0,276,15,50
0,238,2,50
271,0,50,31
114,0,50,9
0,0,21,5
0,0,15,9
125,0,50,8
0,0,2,18
0,0,8,43
0,327,5,50
0,0,5,2
0,0,22,7
0,0,6,8
0,0,7,7
0,254,5,50
0,0,4,14
221,0,50,7
0,0,4,22
0,115,3,50
0,0,25,5
0,0,39,3
0,80,9,50
0,102,6,50
0,0,15,7
109,127,50,50
0,234,5,50
0,0,12,7
0,0,5,25
0,261,28,50
144,0,50,28
176,0,50,3
0,0,5,4
95,97,50,50
0,0,3,18
0,0,6,15
0,0,8,4
96,0,50,30
0,0,7,3
0,0,6,8
0,0,5,15
161,0,50,4
230,0,50,25
136,0,50,7
0,80,14,50
0,0,6,15
0,0,2,3
0,0,2,9
0,0,5,3
0,0,2,21
0,118,3,50
0,0,28,5
158,251,50,50
0,0,30,10
0,183,9,50
0,0,12,11
120,0,50,6
0,69,8,50
0,0,3,19
0,122,30,50
76,0,50,37
0,0,33,4
0,0,20,20
0,0,17,46
0,0,11,7
0,0,3,21
0,77,9,50
0,0,10,5
128,0,50,22
238,0,50,2
0,0,4,12
0,0,12,7
0,0,40,9
0,0,8,9
0,0,7,2
0,154,31,50
163,0,50,3
0,74,5,50
138,0,50,20
0,0,18,29
0,0,30,44
145,0,50,6
0,0,6,6
0,0,10,5
0,0,4,6
162,260,50,50
152,0,50,2
124,80,50,50
0,0,21,17
0,0,7,10
0,0,21,24
0,0,18,7
0,0,6,7
181,0,50,10
0,0,5,21
0,0,7,27
0,0,3,12
116,156,50,50
0,136,7,50
0,0,46,3
0,0,6,22
0,0,5,15
202,88,50,50
0,0,9,2
88,104,50,50
0,0,7,7
0,0,4,37
303,317,50,50
0,0,31,2
0,0,27,9
0,129,16,50
0,0,5,21
0,0,8,15
0,172,3,50
0,133,3,50
0,207,5,50
0,0,10,10
0,0,5,13
0,250,5,50
0,183,2,50
0,0,2,13
0,134,40,50
0,0,27,2
0,155,11,50
183,0,50,6
0,0,16,4
70,0,50,13
0,0,40,22
0,0,5,5
0,0,16,3
0,171,4,50
0,0,8,15
90,0,50,2
0,0,2,10
0,0,38,9
78,0,50,5
355,114,50,50
0,0,15,7
123,0,50,27
0,0,10,14
0,0,5,3
0,0,5,19
0,0,11,16
0,0,5,7
0,0,2,11
151,262,50,50
0,0,2,6
0,109,3,50
142,0,50,20
107,88,50,50
0,0,11,13
0,0,5,5
0,108,6,50
0,0,26,6
114,0,50,5
0,276,2,50
0,0,3,17
0,0,19,19
0,188,4,50
0,0,36,10
0,0,9,2
0,0,27,24
0,0,14,16
153,0,50,4
0,0,2,5
0,0,9,17
132,0,50,2
0,0,6,27
0,0,27,24
0,0,9,25
107,0,50,11
0,0,2,2
0,0,11,2
84,0,50,7
0,0,3,3
0,369,4,50
133,0,50,5
0,0,21,42
0,0,5,3
0,0,4,2
0,0,16,27
0,0,11,8
221,0,50,6
154,0,50,13
77,0,50,41
0,0,4,26
227,0,50,7
0,169,27,50
0,0,20,45
107,0,50,7
0,141,10,50
0,0,15,4
0,0,12,37
0,0,6,39
0,271,29,50
84,0,50,5
0,139,2,50
0,139,3,50
210,0,50,8
0,0,4,13
81,0,50,11
0,0,3,4
178,0,50,6
0,94,20,50
159,0,50,6
436,0,50,7
0,160,9,50
0,0,22,18
0,0,34,19
0,148,10,50
0,0,20,6
200,0,50,20
311,0,50,9
0,0,19,14
0,0,2,3
84,0,50,29
0,0,5,3
287,118,50,50
0,0,3,6
0,85,41,50
0,0,23,5
0,0,47,25
0,0,3,3
0,231,6,50
0,0,5,7
0,0,14,3
76,0,50,18
0,0,5,10
0,0,2,4
0,0,20,5
0,0,3,14
74,0,50,18
0,218,3,50
78,0,50,2
0,0,11,28
94,0,50,20
0,0,7,4
0,0,20,45
0,0,2,10
0,0,8,11
0,0,10,3
0,95,22,50
0,0,40,8
0,0,10,10
0,202,33,50
0,0,36,2
0,0,17,15
0,189,9,50
80,0,50,3
0,0,31,14
118,130,50,50
0,230,15,50
0,0,8,7
0,0,3,9
0,0,33,4
0,101,12,50
0,0,5,7
0,0,4,2
80,0,50,4
0,0,49,5
108,0,50,40
281,127,50,50
118,0,50,13
0,0,3,13
0,0,3,22
0,0,43,3
142,0,50,4
0,0,3,3
285,0,50,3
0,0,5,25
0,0,23,5
0,0,2,2
0,164,3,50
0,0,8,3
0,0,8,2
0,0,3,21
0,0,2,4
0,0,17,6
101,0,50,26
0,255,26,50
72,0,50,4
0,83,9,50
0,0,45,2
0,113,11,50
0,0,2,8
48,0,50,4
70,106,50,50
0,0,35,32
0,140,12,50
0,0,5,8
0,0,13,28
0,0,10,5
0,0,45,36
145,0,50,8
0,0,2,3
106,0,50,3
198,85,50,50
0,0,3,3
0,0,7,4
0,0,5,27
0,0,3,49
0,0,34,9
0,179,4,50
0,83,47,50
0,64,2,50
0,0,4,23
148,0,50,2
174,0,50,2
0,0,8,4
0,113,9,50
220,0,50,25
171,90,50,50
0,0,2,36
0,0,2,4
0,0,16,6
0,0,10,2
171,0,50,17
0,73,2,50
0,139,7,50
0,0,8,4
0,162,18,50
0,129,39,50
0,0,16,5
0,0,16,19
0,0,40,17
166,147,50,50
0,0,13,12
0,0,20,48
0,310,9,50
0,0,27,3
110,109,50,50
105,116,50,50
157,0,50,2
0,0,3,16
185,0,50,26
96,0,50,2
0,143,14,50
0,113,5,50
74,0,50,14
97,96,50,50
0,0,27,3
155,0,50,3
0,0,2,3
0,0,2,13
0,96,19,50
0,0,45,2
0,0,14,2
0,0,4,2
75,0,50,17
76,0,50,47
0,0,9,23
0,0,2,2
0,168,2,50
101,0,50,19
0,156,7,50
0,189,6,50
0,320,50,50
141,0,50,4
167,254,50,50
0,0,35,6
0,164,15,50
0,0,30,8
0,0,5,8
194,0,50,2
162,0,50,27
166,0,50,27
189,0,50,28
0,190,7,50
0,0,4,12
0,0,2,2
0,0,2,5
0,0,3,8
0,127,9,50
161,0,50,23
0,0,17,15
0,0,2,22
0,0,3,8
170,0,50,32
0,0,5,30
0,0,36,3
0,105,2,50
0,0,9,34
169,0,50,5
0,93,7,50
54,0,50,7
0,0,3,2
0,0,2,4
0,0,11,3
0,0,18,25
0,0,14,20
0,0,4,49
0,0,24,3
191,0,50,27
0,0,6,3
0,0,3,32
0,162,7,50
0,92,26,50
0,0,3,15
0,0,3,11
0,0,34,7
0,145,5,50
0,0,2,17
0,0,38,2
0,80,30,50
0,0,6,5
0,0,2,7
182,0,50,8
0,0,5,2
0,0,38,2
0,0,2,2
107,0,50,8
0,241,2,50
0,0,2,9
0,0,5,41
0,0,12,5
0,87,18,50
0,0,6,2
0,0,5,2
0,0,45,7
148,0,50,2
0,0,5,6
0,0,3,15
0,0,2,8
0,0,22,2
0,0,2,19
0,0,14,31
287,0,50,6
244,0,50,8
0,0,3,3
104,0,50,44
0,155,2,50
0,0,20,3
0,0,14,31
0,0,22,13
0,0,30,7
0,110,32,50
0,0,23,7
0,0,12,17
0,148,10,50
130,0,50,22
0,0,2,11
0,0,5,3
0,0,7,13
86,0,50,8
0,0,14,6
0,0,38,4
0,218,14,50
0,0,10,20
0,314,5,50
0,0,24,3
0,0,9,18
0,0,30,26
0,0,36,2
0,88,44,50
0,53,5,50
0,0,5,2
171,0,50,3
0,0,4,2
189,0,50,5
0,99,6,50
0,0,5,5
0,0,13,12
0,0,14,29
205,0,50,2
0,0,19,14
299,0,50,3
0,0,42,15
0,0,2,2
0,0,2,12
105,0,50,18
0,0,8,6
0,0,4,3
0,0,21,11
0,92,5,50
0,0,19,7
0,0,3,5
0,0,6,2
0,0,3,5
83,147,50,50
0,0,3,7
0,0,13,4
124,0,50,4
0,132,4,50
0,0,17,3
0,0,9,4
0,0,49,8
0,0,2,5
187,146,50,50
0,0,42,11
143,213,50,50
0,0,33,9
0,172,4,50
0,0,5,38
0,0,10,3
0,0,3,11
0,0,12,3
0,0,8,45
0,0,3,10
280,0,50,5
87,0,50,5
0,0,4,21
0,0,12,13
0,206,7,50
0,92,5,50
0,162,2,50
0,0,9,28
0,0,18,11
0,0,25,2
0,0,2,6
0,0,33,7
0,0,13,12
135,0,50,9
0,0,43,21
0,0,6,25
0,224,2,50
0,0,4,32
0,0,2,12
0,0,25,7
123,0,50,10
0,0,12,8
87,0,50,8
0,0,2,44
0,0,4,29
0,0,10,4
0,0,3,3
0,0,32,23
104,0,50,2
205,0,50,8
0,0,2,22
0,137,9,50
237,0,50,11
0,0,3,10
0,272,5,50
0,0,13,10
0,0,15,39
0,90,4,50
0,0,13,21
166,218,50,50
416,0,50,22
0,0,18,2
0,0,20,16
0,0,2,7
0,0,29,10
164,0,50,13
0,0,2,9
0,0,13,33
0,0,10,12
106,0,50,2
0,0,24,5
0,0,8,39
102,0,50,2
186,142,50,50
0,0,5,4
0,132,19,50
0,0,2,3
0,0,2,2
0,0,8,9
115,0,50,3
346,0,50,3
0,0,35,8
0,0,9,19
0,0,39,6
0,0,8,13
0,124,5,50
84,215,50,50
266,0,50,31
0,0,4,4
217,0,50,4
75,0,50,20
0,0,6,21
0,0,19,5
0,0,5,5
0,174,33,50
0,0,3,6
0,0,35,6
140,0,50,3
0,0,45,3
103,0,50,33
0,0,34,12
372,150,50,50
0,0,43,5
0,0,2,6
128,0,50,38
0,103,13,50
0,0,50,2
108,0,50,3
0,0,11,5
0,0,15,15
0,0,24,4
0,0,14,5
0,0,13,2
0,0,4,11
0,0,3,3
0,0,2,17
196,0,50,10
0,0,31,8
233,0,50,2
0,0,5,36
223,0,50,38
0,0,5,7
0,0,17,50
239,0,50,3
129,0,50,15
0,0,3,33
0,0,5,3
0,140,24,50
0,117,9,50
155,0,50,5
0,0,4,21
0,0,48,8
0,0,11,6
0,80,45,50
0,0,2,13
0,0,2,12
0,0,3,2
0,0,20,13
147,0,50,17
0,129,3,50
0,199,3,50
158,0,50,25
0,0,2,14
0,0,12,2
0,0,2,7
201,0,50,3
0,0,4,4
0,0,9,2
0,0,6,9
0,0,2,7
0,0,36,8
0,0,8,32
0,0,50,22
334,0,50,5
0,0,3,3
0,0,19,12
0,209,2,50
0,0,2,4
0,0,6,9
0,0,3,6
75,0,50,6
124,140,50,50
0,209,11,50
0,0,5,5
0,74,3,50
0,109,23,50
181,0,50,2
75,0,50,6
204,0,50,5
0,0,8,10
0,0,7,38
0,0,2,3
0,0,8,4
0,0,17,4
0,0,2,22
0,0,13,39
0,0,11,13
0,0,28,9
0,0,7,9
0,0,3,5
0,0,6,6
0,0,5,23
0,161,13,50
0,0,30,9
137,113,50,50
0,88,24,50
0,0,9,2
124,159,50,50
0,0,2,12
0,170,3,50
0,0,29,22
0,156,3,50
0,0,4,7
0,0,10,10
0,0,2,4
0,0,6,29
0,0,7,16
90,0,50,3
0,121,35,50
0,0,4,4
0,182,3,50
0,0,42,43
0,0,10,10
162,98,50,50
0,0,2,14
0,0,25,21
80,0,50,29
93,0,50,2
0,0,3,7
0,0,2,8
143,0,50,15
0,0,8,7
0,0,42,37
0,101,26,50
0,155,17,50
0,0,18,5
0,0,42,8
0,0,16,2
0,169,4,50
0,0,7,25
0,0,6,32
0,0,40,9
0,0,8,9
0,105,14,50
0,0,42,20
0,204,36,50
0,0,3,6
113,0,50,23
0,0,2,15
193,0,50,2
0,0,45,3
0,192,2,50
0,0,20,8
0,205,6,50
0,0,4,2
0,0,26,3
196,0,50,6
0,0,2,7
0,0,3,13
154,182,50,50
0,0,5,2
0,0,23,33
0,0,3,5
80,160,50,50
0,0,22,16
422,236,50,50
0,0,5,12
0,0,6,8
192,0,50,2
0,0,13,24
0,0,5,2
0,116,3,50
152,0,50,3
0,0,4,33
0,86,14,50
0,83,19,50
102,0,50,18
0,0,21,6
105,161,50,50
0,0,11,2
0,113,10,50
0,0,20,5
0,0,9,37
0,0,3,4
0,0,2,3
0,0,6,27
0,0,7,6
0,0,7,13
0,0,2,4
0,0,25,2
0,0,13,5
0,0,42,2
0,0,21,42
179,0,50,2
0,82,14,50
0,0,16,11
0,0,8,10
154,212,50,50
0,0,9,10
167,0,50,13
0,0,2,6
0,151,6,50
0,0,6,14
0,195,3,50
148,0,50,4
0,295,8,50
0,0,10,7
215,0,50,3
0,0,4,3
0,0,15,12
0,0,2,27
168,0,50,32
0,133,36,50
0,0,23,18
0,119,6,50
86,0,50,19
83,0,50,4
0,0,6,5
0,0,3,45
0,0,5,10
0,0,3,3
0,194,18,50
0,142,10,50
0,0,9,6
0,0,6,3
0,170,18,50
0,0,4,8
0,72,28,50
0,0,6,34
169,0,50,4
0,259,2,50
0,0,2,23
0,141,14,50
0,0,34,39
0,171,3,50
0,0,22,3
266,0,50,38
0,0,37,28
0,0,15,26
140,95,50,50
135,0,50,2
0,0,21,4
0,0,5,2
0,0,21,7
0,213,5,50
112,0,50,6
0,167,4,50
0,0,2,2
0,0,3,4
0,0,2,22
0,0,2,6
0,0,4,31
0,0,2,15
0,0,19,40
0,119,8,50
0,0,2,5
340,0,50,11
0,0,5,3
0,0,5,11
130,0,50,7
0,0,3,4
0,103,5,50
0,0,17,33
0,0,26,2
0,0,31,29
0,0,37,23
0,0,6,2
168,0,50,6
0,107,12,50
0,0,3,14
123,0,50,3
0,0,14,11
0,0,25,2
86,0,50,29
0,242,5,50
0,0,12,7
0,0,15,4
0,0,12,2
0,0,2,5
0,0,4,2
0,0,2,39
0,193,4,50
0,0,5,3
97,0,50,3
0,117,6,50
178,0,50,10
0,169,6,50
0,0,42,6
0,0,20,2
0,0,3,4
0,0,13,15
0,0,19,23
0,0,4,2
0,0,3,18
0,301,33,50
0,0,41,31
0,0,11,3
224,0,50,8
0,0,41,15
0,0,14,39
118,0,50,16
0,0,19,46
0,216,20,50
0,0,5,5
0,0,4,3
0,131,25,50
136,0,50,4
0,0,8,4
0,0,13,4
271,0,50,23
0,0,18,18
0,0,3,14
0,0,10,25
0,122,2,50
0,0,13,13
0,0,13,4
0,0,2,25
175,0,50,5
0,0,4,2
144,0,50,10
0,0,12,28
108,0,50,36
0,169,22,50
0,0,12,7
0,0,28,31
0,0,9,3
0,0,5,4
0,0,9,34
154,0,50,17
0,0,19,18
0,0,12,7
0,0,25,42
0,0,17,5
154,306,50,50
0,0,4,21
0,0,10,5
0,0,3,2
0,0,32,10
0,0,4,2
0,0,19,3
0,0,4,2
0,0,3,3
0,0,6,12
0,0,24,6
0,0,34,2
0,326,4,50
0,0,5,9
0,0,14,4
0,158,26,50
0,0,2,5
0,0,24,6
0,0,9,3
0,0,9,4
0,0,10,2
0,60,10,50
154,0,50,3
109,0,50,30
0,0,19,4
0,0,8,5
0,95,4,50
98,0,50,5
0,0,7,3
0,0,2,14
0,0,20,5
0,0,28,9
0,0,3,47
0,0,4,2
153,0,50,38
0,0,6,14
0,0,42,8
0,0,2,3
132,0,50,7
0,0,4,3
0,0,9,6
276,0,50,4
0,0,25,7
0,0,41,11
0,0,4,13
0,0,15,9
197,96,50,50
0,0,5,6
55,0,50,4
0,0,4,10
0,0,9,2
0,0,12,6
0,193,4,50
168,109,50,50
0,0,31,35
0,0,12,17
0,0,7,4
123,0,50,15
0,0,3,2
257,0,50,2
0,192,6,50
0,116,19,50
0,258,6,50
0,0,8,11
0,120,4,50
0,0,39,14
440,0,50,4
229,0,50,17
0,156,2,50
0,0,2,15
0,0,6,19
0,0,30,2
0,0,2,2
0,0,14,34
0,125,3,50
69,0,50,26
0,116,3,50
0,0,12,34
0,0,22,7
0,0,10,19
0,100,17,50
0,65,5,50
0,120,33,50
0,157,2,50
0,73,2,50
0,0,2,12
0,0,3,8
0,0,2,5
0,0,8,7
0,0,2,15
0,0,2,3
0,136,6,50
0,171,30,50
0,0,38,3
0,178,19,50
0,90,13,50
0,137,7,50
0,0,49,18
0,0,42,4
0,0,3,2
143,0,50,4
0,0,14,11
0,0,4,42
117,0,50,17
0,0,2,3
113,0,50,7
0,0,2,3
146,0,50,9
0,0,22,24
0,0,10,2
0,73,13,50
0,0,3,9
0,0,4,4
123,0,50,13
0,0,24,8
0,0,17,17
0,195,6,50
0,0,3,13
0,0,14,42
0,0,18,30
0,0,3,8
183,87,50,50
98,0,50,2
0,95,2,50
0,0,19,4
0,259,20,50
0,0,18,5
0,106,3,50
0,0,11,12
0,0,11,3
0,0,2,3
0,0,47,16
0,0,8,4
0,94,2,50
0,0,7,9
0,0,3,3
0,86,3,50
0,0,40,5
0,0,4,4
199,0,50,7
0,0,23,8
0,0,25,30
0,0,37,3
0,0,16,5
0,0,5,6
0,0,38,6
254,0,50,2
0,0,2,25
0,0,21,3
0,0,5,47
0,218,3,50
0,0,28,6
0,0,9,4
90,196,50,50
135,0,50,3
0,0,8,9
0,0,11,29
99,0,50,20
0,155,4,50
0,0,17,9
105,92,50,50
0,0,4,2
154,522,50,50
0,216,6,50
0,91,3,50
0,0,13,3
0,0,34,18
0,0,3,18
0,0,30,19
0,0,2,6
242,0,50,4
94,0,50,16
0,0,9,4
138,0,50,5
0,0,4,3
0,221,4,50
145,180,50,50
0,0,7,2
217,0,50,6
0,0,4,4
0,0,4,19
0,0,18,5
0,273,5,50
0,171,6,50
0,0,2,43
0,0,5,16
223,0,50,6
0,0,8,8
0,0,2,15
0,0,4,12
130,142,50,50
0,0,28,3
0,0,17,3
0,151,9,50
0,0,4,6
0,338,3,50
0,0,4,8
0,0,23,7
0,0,5,3
0,82,18,50
0,0,6,5
310,0,50,27
0,0,3,10
0,0,4,5
0,0,9,9
216,0,50,4
0,0,23,7
0,0,4,10
131,0,50,50
0,0,15,8
0,0,2,25
0,186,29,50
0,0,7,9
0,352,3,50
215,0,50,22
0,0,3,2
0,0,5,6
0,0,2,19
0,0,4,5
0,68,22,50
117,0,50,5
0,0,5,33
0,0,9,8
0,0,4,29
0,0,24,14
158,0,50,15
0,0,3,3
0,0,13,4
0,0,27,4
0,0,6,11
114,0,50,6
0,69,6,50
0,0,6,7
0,163,2,50
0,0,9,29
0,0,22,7
0,0,8,5
0,0,3,3
0,0,8,14
73,0,50,31
0,217,40,50
0,263,2,50
182,318,50,50
0,143,2,50
134,145,50,50
0,0,30,39
0,0,2,20
112,0,50,2
0,0,4,2
164,0,50,10
0,0,25,22
0,0,3,48
0,0,12,19
59,0,50,11
0,0,4,7
0,0,5,12
0,82,6,50
0,79,2,50
0,0,19,41
0,95,38,50
0,0,6,10
0,0,26,26
0,0,28,4
0,0,3,2
0,0,3,3
0,0,14,3
109,135,50,50
0,0,6,25
183,0,50,16
0,0,9,3
0,0,6,11
0,0,17,29
0,0,14,7
147,0,50,10
0,0,8,38
125,0,50,18
0,0,35,6
0,0,18,8
242,0,50,21
0,0,3,7
0,104,10,50
0,0,49,11
104,245,50,50
0,0,4,2
0,0,5,20
0,105,11,50
87,0,50,20
145,0,50,13
0,0,15,9
0,0,10,22
0,215,6,50
102,194,50,50
0,0,2,4
207,0,50,9
0,0,8,8
0,0,10,3
187,0,50,37
0,0,2,13
0,0,35,7
0,130,8,50
0,0,49,13
0,212,2,50
163,0,50,6
0,0,9,27
0,0,4,2
0,0,9,2
99,0,50,5
0,0,25,14
177,0,50,2
0,0,10,2
0,123,3,50
0,0,8,22
0,0,8,9
0,0,7,7
0,0,3,2
0,0,3,41
0,0,16,47
0,0,14,13
0,140,49,50
0,0,9,28
0,167,8,50
0,175,18,50
0,0,5,4
97,0,50,27
0,0,3,18
150,0,50,5
223,0,50,23
0,0,2,6
0,0,9,23
0,0,3,41
0,0,12,14
0,0,10,12
0,0,16,32
0,0,19,4
196,102,50,50
0,0,12,4
99,124,50,50
0,0,6,11
137,0,50,9
0,0,2,10
0,129,6,50
117,0,50,8
0,0,23,3
0,0,6,6
0,0,30,23
0,0,35,4
0,0,8,3
85,0,50,30
0,0,12,7
0,0,7,11
146,0,50,4
0,0,42,33
151,0,50,19
0,0,3,9
0,98,3,50
0,0,8,8
0,0,3,23
80,0,50,5
0,0,18,2
0,0,4,4
0,0,37,5
84,0,50,6
0,0,2,16
0,0,50,2
0,0,5,14
0,0,2,7
0,0,16,3
0,88,12,50
0,0,7,10
0,211,28,50
0,128,18,50
0,0,7,8
0,0,23,4
0,0,3,2
0,0,10,10
0,0,9,10
0,0,12,3
0,0,3,35
119,148,50,50
106,0,50,4
162,0,50,7
0,0,4,3
139,295,50,50
0,0,13,12
0,0,7,2
73,104,50,50
0,0,11,4
0,0,19,41
0,0,10,23
103,0,50,7
0,0,11,14
0,182,4,50
0,0,4,14
0,0,15,14
0,0,19,37
0,0,5,8
0,0,29,2
0,0,27,14
108,0,50,3
0,0,3,4
152,0,50,8
0,0,24,3
161,268,50,50
147,0,50,31
99,0,50,3
0,0,2,14
0,0,3,3
0,0,2,6
0,0,17,14
0,160,38,50
0,0,5,5
0,0,4,36
75,0,50,24
0,0,7,26
0,118,4,50
0,0,4,8
0,0,2,24
0,0,3,3
0,0,5,4
0,0,13,4
0,0,40,48
106,167,50,50
114,197,50,50
135,0,50,8
146,0,50,4
0,0,25,5
0,0,9,31
123,0,50,42
172,0,50,26
0,259,5,50
0,0,3,5
146,0,50,5
150,277,50,50
0,0,7,15
390,215,50,50
121,0,50,8
139,0,50,13
0,0,18,21
0,0,3,2
0,145,32,50
0,0,19,31
0,0,29,21
0,71,45,50
0,0,16,43
0,0,8,5
0,143,4,50
0,141,12,50
0,0,4,32
0,0,3,13
0,186,6,50
112,0,50,5
0,207,10,50
137,226,50,50
72,0,50,18
0,0,7,2
0,0,7,4
0,0,5,21
0,0,50,19
0,0,3,4
0,0,5,7
0,0,8,12
0,151,25,50
0,0,2,3
0,70,4,50
106,0,50,6
0,0,5,37
0,441,2,50
255,0,50,5
0,0,11,5
0,0,7,21
0,87,11,50
0,0,2,13
0,0,8,3
0,0,2,9
0,0,3,43
0,0,18,2
0,0,3,2
0,139,5,50
0,0,4,2
0,86,6,50
0,0,3,6
0,126,4,50
79,0,50,2
188,0,50,2
0,0,2,2
207,0,50,8
0,0,31,21
0,78,2,50
0,0,11,6
0,0,32,2
0,0,13,3
0,0,2,15
0,0,49,29
0,0,43,9
0,0,41,24
0,0,3,8
0,0,5,21
0,92,8,50
185,103,50,50
78,0,50,31
0,224,7,50
0,0,4,3
0,103,4,50
199,0,50,7
84,0,50,2
0,127,5,50
0,0,13,13
0,86,4,50
87,0,50,10
0,0,13,4
0,0,25,7
0,0,19,16
141,0,50,13
0,0,40,3
0,0,30,6
0,0,7,2
146,121,50,50
0,0,8,11
0,0,33,48
0,0,2,3
0,211,21,50
0,0,7,17
0,0,12,4
0,203,6,50
0,131,2,50
0,0,27,6
0,0,3,5
0,185,20,50
0,0,12,13
0,0,3,7
0,0,3,40
87,0,50,8
0,0,43,32
0,0,6,2
0,103,24,50
0,0,22,5
0,0,16,3
0,0,10,22
0,0,31,2
0,0,2,2
0,161,25,50
271,76,50,50
0,0,12,25
0,0,2,7
0,0,4,2
0,160,33,50
175,0,50,2
0,0,8,2
0,0,4,10
0,0,4,22
0,0,3,50
82,0,50,15
0,148,3,50
75,0,50,47
188,0,50,40
0,0,22,49
0,0,2,2
164,0,50,8
0,0,3,2
0,0,40,13
0,0,20,2
149,0,50,8
0,0,5,6
0,75,4,50
158,0,50,2
0,0,2,4
0,206,3,50
0,114,17,50
0,376,5,50
0,131,3,50
0,0,3,9
0,0,22,6
80,128,50,50
0,147,5,50
181,0,50,13
0,126,13,50
0,0,4,7
0,0,5,22
0,0,3,7
0,0,29,11
0,0,39,49
0,0,4,5
243,0,50,6
108,379,50,50
0,0,30,2
136,0,50,5
0,143,7,50
0,0,8,2
101,102,50,50
0,370,15,50
0,268,5,50
0,156,2,50
297,0,50,3
0,0,12,8
0,0,15,12
236,0,50,21
0,0,4,49
269,0,50,3
123,90,50,50
0,0,3,15
0,0,46,17
67,0,50,17
0,0,27,17
0,0,48,17
0,0,15,33
90,0,50,39
0,0,12,3
140,0,50,7
0,0,11,35
141,0,50,47
0,0,14,22
0,357,4,50
0,0,8,3
0,0,3,5
0,0,18,4
0,0,10,3
147,0,50,2
0,0,3,16
0,0,29,4
138,0,50,3
97,0,50,8
0,0,50,16
0,0,16,6
215,0,50,3
0,0,24,2
99,0,50,16
0,121,3,50
0,0,26,13
0,102,36,50
0,0,7,29
0,0,28,30
0,85,5,50
0,0,11,14
153,0,50,37
0,0,11,11
0,0,3,9
0,0,15,3
0,0,15,4
0,0,8,2
0,0,5,6
0,0,3,7
122,0,50,40
84,0,50,7
0,0,13,9
0,0,3,2
0,0,3,16
0,77,7,50
219,0,50,15
0,0,7,3
157,0,50,5
0,219,7,50
0,290,3,50
144,0,50,14
257,151,50,50
0,0,6,41
0,0,35,29
0,111,14,50
0,0,5,9
194,0,50,7
0,0,30,2
0,120,18,50
0,0,7,4
0,0,16,5
0,0,11,4
0,0,31,3
0,114,3,50
0,158,18,50
0,0,3,5
190,0,50,3
0,0,15,8
0,0,7,19
138,0,50,3
0,0,21,7
326,0,50,25
0,0,4,27
0,0,6,32
0,0,15,20
85,0,50,16
81,0,50,2
114,0,50,17
0,0,14,12
0,134,11,50
131,99,50,50
130,173,50,50
0,0,3,5
0,0,38,6
0,0,5,2
0,0,4,4
0,0,36,29
0,126,45,50
0,228,36,50
0,0,8,2
0,0,27,27
277,0,50,6
0,0,4,2
0,143,8,50
0,0,50,6
0,0,41,6
0,0,26,10
0,0,14,4
0,0,7,2
0,0,10,3
43,0,50,22
0,0,18,30
0,266,31,50
97,0,50,9
0,0,41,11
0,0,2,27
0,0,47,6
0,0,16,34
0,0,5,4
0,0,2,6
0,88,13,50
0,0,28,4
0,0,2,29
0,0,5,7
0,0,16,29
161,0,50,8
0,0,20,14
0,167,11,50
0,195,2,50
0,0,4,2
0,0,10,43
163,0,50,25
0,0,48,2
0,0,3,2
0,0,2,2
0,384,4,50
0,220,5,50
210,215,50,50
0,0,7,22
0,0,3,3
0,0,32,9
0,0,18,3
0,0,2,24
163,0,50,40
0,157,13,50
0,0,6,22
178,0,50,7
147,164,50,50
210,0,50,4
0,0,40,48
0,0,7,28
0,0,10,5
0,0,46,17
0,0,10,5
163,0,50,22
0,0,8,6
214,0,50,8
0,0,4,2
0,0,37,2
165,90,50,50
0,167,3,50
0,0,20,16
95,0,50,5
0,0,5,6
0,0,3,36
0,0,5,11
0,0,2,12
0,0,3,7
0,0,23,5
0,0,6,3
104,0,50,22
0,0,6,31
0,0,5,4
0,0,3,8
0,0,50,4
0,0,3,21
0,138,24,50
0,95,12,50
129,0,50,3
168,0,50,11
194,0,50,11
0,83,8,50
0,0,11,7
0,0,11,23
183,0,50,5
0,0,3,2
0,263,3,50
0,0,19,2
354,115,50,50
107,128,50,50
0,96,6,50
0,0,14,5
0,238,42,50
0,0,2,7
0,0,26,6
0,0,2,9
0,68,34,50
0,0,4,23
146,0,50,4
0,0,29,34
119,0,50,3
106,0,50,2
96,0,50,19
0,270,9,50
94,0,50,13
151,0,50,18
0,79,2,50
0,0,2,20
0,0,14,4
166,0,50,2
0,97,12,50
0,135,27,50
0,210,8,50
0,0,8,6
0,138,6,50
115,0,50,2
0,0,3,5
0,147,4,50
0,126,13,50
0,0,41,14
0,0,9,2
0,0,5,2
0,0,2,3
64,0,50,12
0,134,36,50
307,0,50,5
0,0,5,2
0,0,12,25
182,108,50,50
0,0,2,5
0,334,30,50
283,0,50,16
123,0,50,14
297,0,50,4
0,99,2,50
0,0,19,5
112,170,50,50
0,0,28,6
0,0,19,6
0,0,6,6
328,0,50,13
0,0,10,6
190,285,50,50
245,0,50,41
0,124,4,50
0,74,47,50
0,0,41,21
0,0,6,15
0,228,13,50
0,0,16,13
0,0,2,7
0,0,6,45
0,0,2,9
0,0,2,25
0,0,3,28
0,0,29,18
71,232,50,50
0,0,41,8
230,0,50,9
0,0,40,3
0,0,4,11
0,90,5,50
0,0,7,14
0,0,6,32
0,359,20,50
299,0,50,17
0,0,5,4
0,0,38,6
146,0,50,3
256,0,50,2
146,213,50,50
0,0,33,8
133,0,50,2
307,0,50,10
215,0,50,13
0,0,7,37
151,0,50,3
0,0,3,18
0,0,8,3
0,0,3,5
0,0,29,3
0,145,7,50
204,0,50,11
263,0,50,31
122,0,50,2
0,182,4,50
0,0,20,2
0,0,10,20
0,0,9,14
0,0,4,8
0,0,7,16
0,133,3,50
93,166,50,50
0,110,38,50
0,0,11,3
0,0,4,14
180,0,50,2
0,0,4,10
0,0,2,5
0,0,23,13
188,0,50,7
0,0,17,8
0,0,3,15
0,0,4,48
0,0,7,4
0,79,3,50
176,174,50,50
161,165,50,50
0,0,9,3
0,0,28,8
0,0,4,23
0,0,5,2
0,0,7,2
0,211,2,50
0,0,24,2
0,0,3,7
0,0,15,3
0,0,13,25
0,0,9,7
0,0,46,4
0,0,2,15
0,0,2,9
0,279,3,50
0,179,3,50
0,0,2,2
0,0,6,48
0,164,5,50
99,0,50,6
398,0,50,31
0,0,16,5
0,0,2,2
0,146,17,50
0,0,8,5
0,0,8,6
273,0,50,5
0,0,23,2
0,0,2,7
0,0,3,21
0,0,3,19
0,0,40,10
0,0,2,2
0,0,2,5
0,0,4,4
112,0,50,14
0,112,3,50
160,0,50,15
0,0,20,15
0,0,6,34
95,0,50,4
0,0,2,5
0,92,2,50
0,0,45,3
0,0,7,30
0,0,11,14
0,0,2,2
0,108,13,50
0,0,2,2
0,0,4,4
125,101,50,50
0,0,14,11
0,123,3,50
221,0,50,21
0,0,7,2
0,0,10,13
116,0,50,11
171,0,50,38
0,0,4,22
0,0,13,24
0,0,6,6
98,0,50,41
0,0,8,18
0,156,4,50
0,0,13,4
76,0,50,41
0,224,5,50
0,0,17,7
0,0,3,27
0,219,6,50
0,0,19,4
0,0,6,10
0,0,6,4
0,82,7,50
0,0,2,3
0,0,3,6
0,0,8,5
0,0,2,11
87,0,50,2
236,144,50,50
0,0,4,18
133,0,50,2
0,0,2,4
201,0,50,9
0,0,9,34
0,0,2,8
390,0,50,5
0,84,48,50
0,0,27,11
126,0,50,11
0,0,2,4
81,94,50,50
0,0,4,6
0,0,3,5
0,0,17,3
0,0,25,2
0,0,10,15
0,0,12,7
0,0,6,50
138,0,50,3
0,0,2,3
0,0,10,10
132,0,50,4
129,0,50,15
212,0,50,5
0,0,6,2
277,0,50,12
0,0,40,6
118,0,50,4
221,274,50,50
111,166,50,50
434,0,50,7
0,0,14,32
137,0,50,4
0,0,18,27
0,215,25,50
0,0,5,17
89,118,50,50
0,0,9,23
0,223,20,50
0,0,27,13
85,0,50,5
0,0,3,5
0,0,4,29
0,0,4,19
0,0,8,16
0,70,45,50
0,0,3,8
115,0,50,11
0,0,3,5
0,147,6,50
0,0,20,12
0,0,12,5
0,0,6,3
0,0,5,21
0,149,5,50
0,0,6,14
0,0,18,17
0,0,3,50
0,0,8,9
0,0,10,22
0,0,37,2
0,0,7,3
0,0,19,2
0,247,3,50
0,83,2,50
0,0,20,20
0,0,6,45
0,120,7,50
0,385,2,50
0,85,3,50
0,0,6,47
0,0,11,9
129,0,50,4
0,0,12,6
92,0,50,34
0,0,18,6
0,0,4,2
152,203,50,50
0,0,4,4
0,0,30,33
0,77,7,50
0,0,38,11
0,138,4,50
0,361,7,50
0,0,8,2
0,0,3,2
346,0,50,2
0,111,5,50
0,0,14,18
0,0,5,18
0,0,18,22
0,0,15,10
0,0,4,8
0,0,6,9
0,0,13,11
0,164,38,50
0,212,37,50
214,0,50,4
0,86,8,50
0,0,16,8
0,0,4,4
0,0,12,8
0,0,2,31
0,111,6,50
0,88,2,50
0,0,3,7
0,0,23,8
0,232,12,50
0,0,46,2
0,116,13,50
0,0,29,18
0,0,2,19
150,0,50,13
0,180,32,50
0,0,9,31
0,0,39,3
209,0,50,19
0,0,7,2
0,166,19,50
0,0,6,4
0,0,3,31
0,0,5,3
158,0,50,11
113,275,50,50
0,0,10,5
0,0,6,3
83,0,50,3
0,0,16,16
0,99,23,50
259,0,50,5
137,0,50,6
0,0,4,4
0,0,6,28
0,0,2,32
0,0,8,43
267,277,50,50
0,96,3,50
0,167,19,50
148,0,50,29
102,0,50,2
0,0,4,29
0,0,3,5
0,163,9,50
0,0,2,8
90,125,50,50
0,0,12,5
0,0,22,5
0,0,14,6
0,128,11,50
242,93,50,50
0,0,11,3
0,81,19,50
208,0,50,25
0,0,19,4
0,0,15,4
0,0,3,3
0,0,13,4
0,171,31,50
0,0,7,11
0,0,3,35
0,129,13,50
0,0,5,26
0,0,7,5
0,0,5,5
0,0,8,7
0,0,18,8
0,0,44,8
0,0,9,3
0,131,7,50
0,0,4,3
0,221,49,50
0,0,36,31
0,0,2,2
293,0,50,4
0,0,3,11
0,0,36,5
0,0,29,3
0,0,7,6
0,0,8,5
0,0,3,16
0,0,12,2
0,0,3,27
0,0,6,4
0,267,10,50
0,0,2,29
0,0,2,3
0,0,21,36
172,150,50,50
101,0,50,3
0,0,2,10
0,0,3,37
0,0,4,47
0,0,5,3
245,0,50,23
0,0,38,26
0,147,20,50
0,93,20,50
0,0,34,12
91,213,50,50
0,0,13,10
116,0,50,11
0,0,6,4
0,0,2,7
0,0,3,8
0,175,7,50
95,0,50,32
0,147,10,50
0,83,5,50
0,0,14,49
0,0,3,16
200,0,50,33
139,0,50,7
78,0,50,3
0,0,3,14
0,0,28,2
0,0,9,8
338,0,50,24
0,118,8,50
111,180,50,50
0,0,6,3
0,0,21,21
165,0,50,4
0,0,32,9
0,0,23,5
278,109,50,50
0,0,15,2
0,0,8,4
0,0,40,6
0,0,13,3
0,0,7,3
105,0,50,31
0,0,5,21
0,154,2,50
0,0,31,3
123,0,50,43
0,0,6,6
0,0,2,7
0,62,3,50
0,105,2,50
0,0,11,3
0,0,21,8
0,0,5,13
100,0,50,40
133,0,50,3
64,138,50,50
0,0,7,6
0,0,16,3
0,0,34,5
0,0,5,4
130,0,50,2
0,0,4,32
0,108,9,50
0,0,7,5
136,0,50,46
98,0,50,8
232,0,50,4
0,0,2,4
0,0,13,2
0,285,28,50
0,0,2,7
166,153,50,50
0,0,2,6
0,0,28,31
0,0,4,30
0,0,8,3
0,165,32,50
343,0,50,2
0,0,2,3
0,0,6,17
0,178,6,50
0,103,34,50
0,92,10,50
0,0,11,16
0,0,13,5
49,0,50,12
0,0,2,49
133,0,50,5
0,0,2,38
307,0,50,37
0,148,4,50
0,0,47,15
0,0,3,13
0,0,26,18
0,0,4,8
0,0,2,50
0,0,7,14
0,0,5,6
0,0,25,2
0,0,4,8
0,0,3,2
0,0,6,11
0,0,2,4
98,146,50,50
190,0,50,20
0,75,3,50
0,151,30,50
0,0,15,2
0,279,8,50
0,93,23,50
0,0,8,17
0,0,3,20
0,0,34,18
100,0,50,5
0,455,4,50
0,131,6,50
0,0,2,3
207,84,50,50
0,161,4,50
0,0,2,6
0,0,5,17
142,0,50,4
206,0,50,10
0,86,8,50
0,0,16,24
0,272,3,50
0,0,6,16
0,0,18,31
0,0,6,7
0,0,33,47
0,0,4,3
0,0,2,29
277,0,50,7
0,0,3,40
0,0,36,39
0,0,27,50
0,0,24,11
0,0,2,3
374,0,50,10
0,0,4,3
0,0,6,6
0,0,2,4
0,0,18,7
0,0,10,12
0,97,2,50
0,0,32,30
0,271,5,50
96,123,50,50
0,0,13,4
0,82,27,50
254,0,50,7
0,0,3,11
0,186,2,50
0,0,6,2
0,0,7,3
0,0,13,26
0,0,5,29
0,167,9,50
0,350,27,50
0,0,14,18
0,0,11,21
0,0,32,2
0,0,11,9
173,0,50,4
0,0,22,21
195,131,50,50
0,0,8,30
0,167,7,50
0,0,4,17
0,0,3,5
0,0,5,6
0,0,15,12
0,0,15,2
0,0,4,37
0,0,36,2
0,0,34,2
0,104,2,50
206,125,50,50
0,210,28,50
0,0,3,18
0,0,4,19
0,0,16,10
0,0,10,3
0,0,25,5
0,0,5,2
0,0,29,3
0,0,6,15
0,0,30,2
207,0,50,6
0,0,7,2
0,0,4,13
0,208,4,50
0,0,10,48
132,0,50,12
0,0,7,37
347,179,50,50
266,80,50,50
0,0,9,4
0,0,6,8
78,0,50,18
0,0,4,6
101,0,50,4
0,0,37,5
0,0,2,40
241,0,50,2
147,0,50,5
0,0,40,2
0,0,10,12
0,94,5,50
332,0,50,2
81,0,50,3
0,0,4,8
0,0,33,16
0,0,46,5
0,0,3,3
0,0,6,7
0,0,17,3
0,0,9,11
0,0,16,21
0,0,5,14
0,0,21,7
0,0,5,30
225,95,50,50
0,0,10,21
0,0,13,6
0,0,21,16
0,0,7,29
99,0,50,18
0,261,50,50
0,159,49,50
0,0,4,2
0,0,21,6
0,0,20,2
0,0,5,14
0,0,12,7
0,0,3,7
0,0,10,4
154,89,50,50
0,0,8,33
0,0,2,37
0,0,7,6
98,0,50,8
155,0,50,28
0,0,13,13
184,271,50,50
130,85,50,50
0,0,5,2
0,81,25,50
0,0,9,4
0,110,37,50
0,161,13,50
0,101,15,50
0,0,8,3
0,0,4,2
0,0,43,41
0,0,29,8
0,84,9,50
89,167,50,50
0,0,31,9
0,100,2,50
64,0,50,8
0,104,4,50
0,0,3,6
0,99,11,50
0,92,13,50
0,0,4,16
95,0,50,3
110,0,50,29
0,76,3,50
0,166,22,50
0,0,4,47
0,0,9,11
72,0,50,6
0,0,8,9
0,0,5,9
0,0,2,15
0,0,10,10
0,102,5,50
0,0,18,2
82,147,50,50
0,0,7,3
130,292,50,50
0,110,2,50
0,341,7,50
264,0,50,10
219,0,50,4
0,214,3,50
103,63,50,50
0,120,4,50
0,0,14,42
0,0,17,8
150,113,50,50
0,0,22,21
180,0,50,3
0,118,2,50
0,0,2,2
0,168,8,50
213,0,50,5
0,0,13,18
0,0,9,6
239,71,50,50
414,0,50,3
0,0,49,16
101,0,50,9
0,0,9,4
0,0,2,3
69,0,50,6
0,248,43,50
0,0,13,15
0,0,6,30
0,0,4,42
0,0,3,2
111,0,50,2
0,0,15,6
0,0,7,5
237,0,50,11
103,184,50,50
0,0,2,17
0,0,4,7
98,105,50,50
0,0,4,5
154,0,50,4
0,0,2,40
0,95,3,50
0,0,2,2
0,0,9,4
0,0,7,6
0,0,3,38
0,0,42,4
75,103,50,50
0,0,43,4
0,0,2,5
0,0,6,8
118,0,50,2
0,0,9,12
206,0,50,10
233,74,50,50
0,0,6,4
0,0,15,47
0,0,4,7
0,0,12,3
0,0,17,38
0,0,11,19
0,154,14,50
139,0,50,2
0,0,37,36
0,0,3,49
0,297,5,50
0,0,21,15
0,0,4,3
0,0,14,3
0,0,3,25
0,0,2,4
0,0,4,7
0,0,14,9
189,0,50,11
0,0,9,17
0,0,14,24
0,0,27,13
0,208,3,50
0,0,8,21
87,0,50,5
225,0,50,5
0,124,48,50
0,0,3,25
176,0,50,3
137,117,50,50
0,0,2,48
0,0,9,4
0,273,22,50
0,0,12,3
0,0,18,35
0,0,45,3
0,0,9,17
0,0,40,23
0,0,4,5
127,181,50,50
0,0,19,32
0,0,36,16
0,0,35,5
0,0,28,4
0,0,4,9
0,0,14,18
0,116,19,50
0,314,20,50
0,0,18,2
0,0,27,27
0,85,7,50
63,0,50,17
0,99,2,50
193,0,50,16
0,0,22,5
0,0,13,3
0,0,11,5
0,0,9,26
0,0,2,3
208,0,50,12
0,117,10,50
0,0,5,3
0,0,3,3
149,0,50,5
0,0,15,25
0,0,3,23
0,0,2,5
0,0,5,8
0,184,28,50
0,0,5,5
0,0,11,3
0,124,5,50
0,0,7,48
0,0,24,8
0,0,21,3
0,173,7,50
0,0,3,7
0,0,39,2
0,0,6,2
0,0,8,2
0,0,4,38
236,0,50,2
0,130,34,50
178,0,50,12
0,0,13,6
0,0,6,49
0,0,10,38
0,0,5,7
0,0,4,4
0,0,6,31
130,80,50,50
146,0,50,6
0,0,4,14
0,0,6,47
0,150,3,50
0,0,4,4
178,0,50,11
0,0,34,4
0,0,7,19
0,163,21,50
69,0,50,7
206,187,50,50
0,0,6,46
0,0,2,34
0,0,7,23
0,160,3,50
0,0,16,9
145,0,50,3
228,0,50,4
0,0,22,4
0,0,2,35
0,0,49,32
0,180,5,50
82,0,50,3
0,0,3,6
0,0,9,17
0,154,7,50
0,0,35,14
0,189,9,50
0,118,4,50
0,0,6,28
0,71,5,50
80,0,50,8
0,0,9,7
195,77,50,50
0,0,26,18
0,123,3,50
0,0,3,11
0,0,5,10
0,0,3,4
0,0,37,8
0,0,19,4
0,0,13,47
0,174,19,50
0,0,3,2
0,0,17,10
0,262,17,50
0,0,7,3
91,0,50,18
0,0,3,6
0,0,35,2
0,0,5,15
0,0,36,2
0,174,3,50
0,0,15,11
0,0,26,43
0,162,2,50
47,0,50,3
0,0,2,3
0,0,16,2
106,0,50,40
0,0,16,2
0,0,2,6
0,0,2,2
0,0,6,15
128,0,50,4
116,0,50,10
0,0,31,14
0,0,2,4
0,0,7,5
0,183,30,50
0,0,18,22
169,0,50,5
0,0,6,36
0,0,47,2
160,212,50,50
0,0,19,47
0,86,4,50
0,0,3,18
126,0,50,5
0,0,2,2
0,0,2,3
0,0,4,5
0,0,2,20
0,0,31,3
0,0,9,2
0,0,4,8
492,0,50,10
0,0,12,5
86,0,50,22
0,0,2,23
0,0,45,6
0,0,6,15
0,0,4,28
0,0,4,36
0,310,4,50
0,0,25,2
0,433,41,50
183,0,50,3
0,0,19,6
0,0,2,41
77,0,50,18
311,0,50,6
0,0,25,6
0,198,7,50
257,129,50,50
0,82,39,50
162,0,50,21
0,0,4,2
0,0,12,8
90,139,50,50
0,0,3,15
0,97,4,50
0,0,24,10
144,0,50,3
0,0,17,12
0,0,7,12
0,0,10,5
0,0,4,3
327,0,50,9
0,0,34,5
0,296,8,50
80,0,50,3
0,0,4,15
0,0,8,2
0,0,12,3
0,183,35,50
160,0,50,8
0,0,2,3
0,0,29,24
0,0,3,9
0,0,23,17
0,0,8,14
0,132,3,50
0,182,6,50
187,112,50,50
0,0,33,3
114,0,50,11
0,0,15,47
116,0,50,2
0,0,2,36
121,0,50,2
0,269,16,50
0,0,6,9
327,0,50,2
0,121,9,50
0,0,3,7
0,0,22,9
0,118,5,50
210,0,50,46
0,0,10,4
0,0,2,18
0,135,19,50
0,0,20,29
0,0,20,2
77,0,50,4
0,0,2,39
0,0,15,30
0,0,3,8
0,0,4,46
0,0,2,7
0,0,2,9
0,111,3,50
0,0,13,3
0,0,9,26
0,132,3,50
0,0,4,6
155,0,50,2
74,0,50,11
0,0,5,4
0,0,43,13
160,114,50,50
0,290,2,50
0,0,17,8
0,0,28,30
0,191,4,50
0,0,6,5
0,0,3,19
0,246,3,50
144,102,50,50
0,0,11,30
0,0,29,3
128,117,50,50
0,0,2,40
249,0,50,3
0,0,16,2
0,83,28,50
0,0,23,9
0,0,20,3
0,166,18,50
0,0,19,45
132,91,50,50
0,0,13,38
0,0,36,18
0,0,17,7
0,0,12,28
81,93,50,50
0,0,5,3
0,239,3,50
93,0,50,11
0,197,10,50
0,0,11,9
0,0,10,3
223,0,50,34
0,0,4,3
284,0,50,2
0,0,9,24
0,0,30,37
203,0,50,20
0,0,30,36
0,0,7,24
0,0,23,3
0,0,2,2
0,0,44,10
0,0,36,7
0,0,4,13
0,0,5,2
0,0,3,6
283,0,50,4
67,0,50,2
252,0,50,2
0,0,3,12
112,0,50,32
0,0,15,5
205,0,50,11
0,0,4,24
231,0,50,2
0,0,5,2
0,123,14,50
0,0,10,23
0,0,11,4
185,0,50,21
0,0,15,12
0,0,7,3
0,0,4,7
0,0,7,4
0,0,12,14
0,0,21,12
0,0,23,30
0,0,29,2
0,0,2,4
0,110,5,50
267,0,50,4
0,0,44,4
0,0,29,12
0,0,31,14
159,0,50,12
0,0,10,2
0,0,13,7
0,84,7,50
0,0,4,30
0,119,3,50
0,412,3,50
0,0,4,42
0,0,4,3
0,118,2,50
0,0,45,3
107,0,50,4
106,0,50,3
0,0,11,17
0,0,6,40
0,0,3,2
0,0,12,26
0,0,8,7
0,143,12,50
0,103,2,50
0,0,2,3
0,123,20,50
206,0,50,9
0,0,20,47
0,114,13,50
85,0,50,13
0,0,7,6
0,0,37,2
0,0,25,4
0,395,11,50
0,0,6,7
0,172,12,50
0,0,7,22
0,0,5,29
108,0,50,2
0,0,12,5
0,0,12,2
115,115,50,50
253,0,50,36
199,202,50,50
92,0,50,3
0,265,25,50
183,0,50,24
228,0,50,4
0,0,19,2
0,0,2,30
0,0,44,5
0,308,4,50
117,0,50,3
0,0,8,43
0,121,4,50
0,0,2,2
0,0,3,2
0,0,13,2
0,90,2,50
0,0,13,47
0,0,31,34
151,0,50,19
0,0,4,2
112,0,50,8
0,0,48,34
0,0,8,10
0,0,8,3
0,93,5,50
0,0,5,2
152,131,50,50
0,0,9,30
0,0,13,13
0,0,34,7
0,0,3,6
0,0,33,15
151,0,50,12
0,0,23,18
0,186,2,50
136,0,50,5
0,233,4,50
0,0,28,7
0,0,7,5
0,0,4,18
94,0,50,40
0,117,3,50
0,0,7,7
150,0,50,6
0,105,2,50
79,0,50,4
0,0,5,6
0,0,28,14
0,65,3,50
0,0,16,5
0,0,2,45
111,0,50,23
0,0,28,4
0,0,9,2
149,0,50,4
0,155,13,50
184,0,50,21
0,0,34,16
171,193,50,50
0,136,6,50
0,313,50,50
253,0,50,2
0,0,7,3
0,113,19,50
76,100,50,50
0,134,4,50
0,0,2,2
0,0,3,44
0,235,11,50
0,0,22,22
0,0,8,15
0,154,3,50
0,0,2,2
0,105,7,50
0,117,9,50
148,0,50,3
0,0,3,18
0,0,3,20
0,0,4,17
0,144,7,50
0,0,3,10
142,0,50,23
0,166,13,50
0,159,11,50
0,0,14,12
0,0,37,12
0,140,20,50
258,0,50,7
159,0,50,7
272,0,50,2
0,0,10,13
0,0,2,6
0,0,11,33
0,0,4,6
154,260,50,50
0,100,9,50
120,0,50,8
0,0,11,3
0,155,4,50
84,0,50,9
0,0,19,27
0,0,33,24
0,0,21,3
0,138,5,50
155,0,50,6
0,0,2,5
221,0,50,20
0,0,3,8
125,0,50,38
0,0,5,4
0,357,12,50
0,0,2,30
116,0,50,8
415,0,50,11
0,0,8,6
0,0,2,33
0,0,7,11
0,0,38,4
0,0,34,37
0,0,4,4
0,108,19,50
0,203,7,50
0,0,5,17
0,0,3,6
0,0,7,3
0,169,3,50
0,0,3,4
0,0,4,2
0,0,3,9
109,90,50,50
0,0,2,19
0,232,7,50
0,158,3,50
153,0,50,6
0,0,26,10
75,164,50,50
72,0,50,12
0,0,6,11
0,135,2,50
0,0,5,24
168,0,50,33
0,0,12,15
0,0,3,2
0,0,4,12
0,0,4,30
106,0,50,31
0,0,6,29
0,72,3,50
0,0,6,15
0,0,12,3
0,0,13,9
0,0,17,10
0,0,2,10
0,0,12,4
0,0,3,3
0,0,2,4
0,0,30,3
0,0,38,10
0,0,13,3
0,0,31,8
0,0,2,3
0,341,8,50
0,0,3,7
105,0,50,49
0,0,15,3
0,0,43,27
189,0,50,46
59,0,50,19
0,0,12,13
0,0,6,4
114,0,50,2
0,0,2,2
0,98,4,50
103,0,50,23
331,0,50,46
0,0,20,4
0,0,8,17
0,0,3,30
0,0,23,41
0,0,29,3
0,120,31,50
0,0,2,4
0,0,10,23
161,0,50,18
0,98,3,50
0,148,4,50
101,283,50,50
0,0,8,5
0,0,2,4
0,126,11,50
0,152,17,50
0,0,7,7
0,0,12,4
0,262,10,50
0,181,4,50
0,0,37,27
156,329,50,50
0,0,4,14
0,0,8,7
176,0,50,2
0,0,2,45
124,0,50,10
0,0,5,3
0,0,12,6
118,0,50,4
0,0,2,5
0,0,3,8
0,0,2,6
0,0,5,2
107,0,50,3
0,0,3,7
87,0,50,5
0,0,6,2
0,149,20,50
0,0,8,8
0,0,20,28
137,129,50,50
0,0,3,2
185,0,50,4
0,0,4,7
0,64,38,50
0,0,12,44
0,0,9,20
0,0,10,45
188,0,50,9
0,0,18,18
0,0,6,8
0,0,3,14
0,0,9,28
0,0,18,10
116,0,50,16
142,101,50,50
0,0,4,4
0,0,5,15
0,0,5,9
202,183,50,50
168,185,50,50
0,65,39,50
102,0,50,5
0,159,5,50
0,0,7,2
0,98,17,50
0,207,6,50
0,0,50,5
127,0,50,7
0,0,3,4
0,0,2,4
0,0,2,6
135,0,50,2
0,0,43,3
0,0,25,39
0,0,18,2
0,87,27,50
0,0,10,3
0,0,2,13
0,0,6,9
0,0,36,36
0,109,3,50
0,0,2,18
91,0,50,3
0,0,10,45
0,0,27,8
0,0,2,7
119,0,50,3
0,148,10,50
0,0,8,3
56,0,50,4
0,0,15,6
0,218,7,50
0,118,5,50
0,0,5,4
0,0,25,33
0,340,37,50
182,0,50,8
0,0,2,6
0,0,6,4
0,164,12,50
0,0,6,33
0,0,6,7
0,0,8,41
0,0,2,5
0,0,7,26
0,0,42,2
0,0,38,3
0,0,44,26
0,224,3,50
0,0,19,4
0,0,46,3
104,0,50,48
0,0,3,35
0,0,4,6
0,0,2,39
0,0,6,11
0,0,18,6
0,0,2,9
0,0,2,20
328,0,50,6
123,0,50,43
0,100,5,50
192,0,50,6
0,0,46,2
0,0,20,16
0,108,2,50
101,0,50,28
0,214,5,50
0,0,5,2
179,0,50,28
0,0,2,6
0,0,5,33
0,0,9,6
0,89,6,50
0,168,2,50
0,0,21,14
0,0,6,8
121,129,50,50
204,0,50,4
0,0,23,7
0,0,14,14
0,0,2,4
219,0,50,6
0,0,19,45
0,103,4,50
164,0,50,19
0,0,35,49
101,155,50,50
148,0,50,3
133,0,50,9
0,0,24,5
0,0,9,5
0,156,3,50
167,0,50,3
0,0,9,5
0,331,23,50
0,0,2,5
0,511,28,50
0,0,23,15
94,128,50,50
0,0,48,23
0,0,30,21
152,0,50,4
0,0,13,7
0,0,37,35
0,0,30,3
0,0,3,19
0,0,11,12
0,119,9,50
0,0,4,4
0,0,4,13
0,0,4,24
161,0,50,17
0,0,3,5
0,0,3,3
0,0,6,18
0,316,3,50
0,57,29,50
0,0,5,6
0,0,3,3
0,160,11,50
0,0,2,3
123,0,50,9
0,0,3,2
0,0,5,3
51,0,50,4
0,133,8,50
0,0,42,28
0,0,22,3
163,0,50,3
269,0,50,3
0,0,46,25
0,95,11,50
0,0,6,6
186,0,50,2
0,0,16,4
247,0,50,6
104,0,50,13
0,0,24,8
0,103,39,50
0,0,3,9
0,105,30,50
0,0,10,26
249,0,50,6
128,0,50,6
0,0,3,2
0,0,8,15
0,0,11,8
0,194,6,50
0,0,3,7
154,0,50,32
0,0,2,12
0,0,20,7
165,303,50,50
0,0,23,3
0,0,30,4
68,0,50,16
0,0,7,6
0,0,9,3
0,0,2,39
0,233,5,50
0,0,14,12
0,0,31,3
0,0,3,2
0,0,2,5
197,0,50,3
0,251,5,50
0,0,37,7
276,0,50,4
128,102,50,50
0,491,2,50
0,0,47,7
228,0,50,11
0,0,14,26
0,0,3,17
167,0,50,5
0,0,42,2
129,0,50,3
84,158,50,50
0,0,4,5
130,0,50,3
0,216,5,50
0,0,4,7
0,153,14,50
0,0,5,2
0,82,4,50
0,0,5,22
0,139,2,50
0,143,27,50
0,0,13,16
0,136,19,50
0,0,7,4
0,0,8,2
0,0,6,5
0,0,2,11
0,87,16,50
0,0,2,3
0,0,5,12
145,0,50,6
0,206,15,50
0,187,6,50
0,0,2,19
0,0,7,2
0,0,8,34
0,0,31,2
0,0,26,10
0,69,23,50
0,0,4,9
144,0,50,42
173,0,50,8
0,0,47,5
0,0,6,4
0,0,17,15
0,0,4,11
90,0,50,2
95,146,50,50
0,0,12,2
69,0,50,4
0,0,29,10
196,0,50,22
0,0,14,6
0,0,24,2
0,0,7,4
0,0,5,31
0,236,40,50
0,149,5,50
220,0,50,5
0,0,10,7
0,0,2,36
0,0,11,27
0,113,3,50
0,133,11,50
173,73,50,50
0,225,4,50
0,0,7,4
0,0,3,5
0,0,4,3
0,0,6,14
0,0,13,19
0,0,8,18
0,0,4,7
104,0,50,5
0,0,34,17
0,190,3,50
0,0,2,5
0,0,20,5
0,0,2,4
0,0,2,13
0,0,2,31
98,0,50,16
0,0,9,15
0,241,16,50
0,0,46,8
0,0,4,20
0,0,38,4
0,155,20,50
0,0,4,4
0,0,5,3
363,0,50,12
140,0,50,43
0,0,7,3
0,0,4,4
137,0,50,2
0,0,3,4
0,131,2,50
0,0,2,21
0,0,22,24
0,0,17,27
0,0,4,4
0,260,6,50
0,156,6,50
0,135,11,50
0,0,23,3
0,0,4,29
0,0,7,9
0,134,2,50
0,0,4,5
0,118,11,50
91,0,50,4
0,0,7,2
0,0,6,3
293,0,50,19
0,153,5,50
0,0,3,13
0,181,20,50
168,190,50,50
0,0,31,13
0,0,12,24
0,148,4,50
0,0,4,3
0,0,5,5
0,68,10,50
0,0,11,11
285,0,50,27
0,0,12,2
131,0,50,12
0,0,2,10
0,0,10,3
0,303,4,50
0,0,2,2
0,306,23,50
303,125,50,50
0,0,10,2
0,103,12,50
88,0,50,3
0,78,3,50
0,0,8,7
186,0,50,8
134,0,50,44
70,294,50,50
0,0,9,14
92,0,50,7
0,0,40,9
149,0,50,4
0,115,5,50
0,83,5,50
0,160,16,50
0,73,4,50
106,321,50,50
0,143,5,50
0,0,21,5
127,0,50,2
0,117,3,50
0,0,5,9
97,0,50,2
0,0,4,4
0,0,20,20
0,0,14,2
0,0,20,48
141,134,50,50
0,0,3,39
0,203,3,50
94,0,50,37
0,0,12,2
0,0,20,14
117,0,50,3
0,0,28,23
0,0,9,28
156,0,50,19
0,0,38,28
0,0,30,2
0,0,6,49
246,0,50,2
0,0,8,2
0,0,10,11
0,0,9,20
0,0,26,10
0,0,48,36
0,136,13,50
0,0,6,15
0,113,9,50
0,0,2,7
172,0,50,4
0,0,6,2
0,108,2,50
0,0,11,4
0,91,44,50
89,0,50,27
0,72,17,50
84,0,50,8
95,173,50,50
0,0,3,2
154,0,50,17
0,0,8,2
0,0,3,4
86,0,50,3
0,155,7,50
75,0,50,7
0,0,3,5
0,0,2,47
0,0,3,6
153,0,50,2
165,0,50,17
115,106,50,50
0,0,18,5
0,0,7,16
0,0,7,17
0,0,6,19
0,0,4,50
0,190,9,50
0,0,45,11
0,0,11,5
0,0,2,38
0,0,2,20
0,0,39,5
0,88,9,50
0,89,7,50
0,0,6,18
0,247,7,50
0,0,4,3
99,0,50,10
0,215,7,50
0,0,8,10
0,0,9,10
118,107,50,50
0,0,4,29
0,105,29,50
0,70,2,50
0,0,36,16
0,0,4,7
109,0,50,37
0,0,10,4
0,0,5,6
0,0,2,13
0,0,9,39
0,0,4,6
0,0,12,28
0,0,2,16
0,0,8,8
0,0,14,27
151,135,50,50
0,0,47,27
455,171,50,50
0,194,21,50
118,0,50,6
0,0,4,7
0,146,14,50
132,0,50,11
0,0,2,38
0,0,4,3
0,0,2,13
0,0,4,7
0,0,8,4
0,200,12,50
0,0,5,13
240,0,50,2
0,158,8,50
0,0,34,5
266,0,50,11
0,0,4,12
0,0,6,22
0,126,4,50
0,104,27,50
200,0,50,3
112,0,50,6
0,0,16,3
0,0,6,2
0,177,8,50
0,0,4,7
0,0,2,3
143,168,50,50
65,111,50,50
128,0,50,8
208,0,50,5
0,0,4,2
0,0,3,14
0,105,9,50
0,0,4,27
129,0,50,17
0,411,7,50
0,0,4,19
0,0,3,3
0,188,8,50
0,0,30,29
0,0,2,14
0,0,25,24
287,0,50,2
75,0,50,7
0,0,5,7
0,0,6,3
0,0,16,7
0,136,3,50
0,0,13,18
0,0,4,4
0,125,4,50
0,0,5,8
0,0,13,4
0,0,4,9
0,0,4,34
0,0,2,6
0,0,7,16
0,0,27,4
0,0,44,10
0,0,20,28
0,0,14,6
90,0,50,4
0,0,4,7
0,0,7,5
0,0,20,4
0,0,2,9
0,173,7,50
0,0,6,9
138,0,50,10
0,0,37,13
0,210,3,50
0,150,35,50
0,0,3,12
0,0,10,16
0,0,11,4
0,0,7,17
0,0,12,4
0,122,9,50
0,0,3,8
0,0,5,3
163,205,50,50
0,0,10,2
0,0,32,3
0,0,6,42
0,0,14,2
0,175,3,50
0,123,13,50
0,96,12,50
0,0,6,4
0,0,22,48
0,0,27,3
0,0,5,12
0,0,23,8
0,0,4,8
192,0,50,2
96,0,50,21
0,0,3,20
0,82,2,50
0,0,3,7
0,0,4,3
0,0,2,3
0,0,27,2
0,0,15,10
104,0,50,13
0,151,5,50
0,166,3,50
126,0,50,4
0,0,12,24
0,0,2,7
0,0,3,37
0,0,3,45
0,0,36,28
0,0,3,19
0,0,2,6
0,259,29,50
0,0,25,12
0,167,3,50
248,0,50,3
0,0,2,4
175,189,50,50
0,0,4,3
0,0,12,4
0,100,5,50
0,0,2,4
0,0,2,46
131,0,50,4
0,166,15,50
268,0,50,22
0,0,9,10
0,0,8,4
0,0,18,2
155,232,50,50
118,98,50,50
0,0,3,25
0,0,14,2
0,173,12,50
0,0,30,2
0,74,19,50
142,0,50,32
0,0,34,7
212,0,50,2
0,0,4,21
0,0,5,31
0,84,13,50
103,0,50,14
0,122,7,50
0,145,2,50
0,126,18,50
0,0,4,4
0,0,3,10
0,86,3,50
0,0,8,22
0,108,2,50
0,79,11,50
0,171,27,50
0,0,10,16
0,0,13,24
86,0,50,3
0,0,10,4
0,364,12,50
0,0,2,22
0,0,31,13
139,0,50,8
0,0,4,29
0,0,14,11
89,0,50,10
0,0,5,6
0,0,13,17
0,0,3,2
0,0,8,8
0,168,5,50
0,0,15,4
0,0,42,28
0,0,12,14
272,90,50,50
0,0,27,2
0,0,4,9
89,230,50,50
108,0,50,2
0,170,2,50
0,0,20,24
87,0,50,8
0,0,3,28
0,0,8,9
0,0,2,7
0,128,5,50
0,0,31,4
0,0,14,6
0,0,3,5
0,0,17,6
108,0,50,7
0,0,41,45
0,0,3,35
0,0,5,2
0,0,3,2
0,107,3,50
146,0,50,4
0,0,6,7
0,0,27,4
167,0,50,17
194,101,50,50
0,0,15,6
0,0,38,8
0,0,10,21
0,0,6,5
104,0,50,3
0,0,2,41
0,0,2,4
0,0,23,3
0,0,9,7
0,0,3,14
0,171,42,50
0,0,4,2
0,0,5,22
0,0,17,5
0,120,3,50
175,0,50,8
0,0,28,3
208,0,50,14
135,0,50,6
121,0,50,5
0,0,3,9
0,0,9,9
0,0,29,5
0,0,14,2
0,218,7,50
0,131,6,50
0,0,13,8
0,114,3,50
163,0,50,6
0,0,20,17
0,0,3,7
0,0,23,25
0,0,9,21
0,0,7,30
0,95,5,50
0,0,18,6
0,120,26,50
0,0,17,8
77,0,50,5
0,0,11,14
0,0,7,3
0,0,6,7
0,0,6,37
56,0,50,8
0,216,13,50
0,0,10,3
0,0,3,18
0,0,48,33
0,53,7,50
0,0,4,7
0,0,3,16
0,0,9,6
117,77,50,50
0,0,9,39
0,0,4,20
0,0,5,2
0,0,5,39
0,0,25,3
0,0,12,22
0,0,2,23
0,0,22,2
163,84,50,50
0,0,47,43
0,0,6,10
0,0,4,4
0,0,15,4
0,0,4,9
0,0,12,4
0,0,11,2
0,180,10,50
0,0,4,13
0,0,8,38
0,0,4,27
0,0,13,2
0,0,15,3
150,0,50,3
0,219,3,50
0,176,7,50
81,0,50,3
0,0,13,17
0,0,2,12
0,0,9,15
0,0,2,3
0,0,8,3
0,0,7,7
0,0,3,12
0,0,10,24
0,0,2,8
0,0,7,39
0,0,4,21
0,248,4,50
0,207,14,50
0,0,15,5
0,0,2,9
0,168,3,50
0,0,5,26
0,0,3,7
72,155,50,50
0,0,9,10
0,324,36,50
0,0,20,5
110,0,50,12
0,0,8,11
0,0,7,17
0,0,3,2
0,0,37,7
0,255,2,50
0,211,5,50
167,0,50,3
0,0,7,23
0,93,11,50
0,0,7,7
0,0,48,23
0,0,3,4
0,0,43,9
0,0,4,8
0,0,2,3
0,0,30,45
0,0,8,26
0,0,7,5
0,0,5,12
0,128,3,50
0,0,5,19
0,209,11,50
0,0,45,17
0,0,17,2
0,0,5,18
0,0,3,18
0,0,5,4
0,0,13,4
0,0,2,9
0,0,2,10
0,0,5,7
0,0,5,18
178,0,50,24
228,0,50,12
0,179,12,50
0,0,19,4
0,0,18,8
0,0,36,30
0,0,3,3
0,66,27,50
0,0,2,4
0,0,9,3
0,0,2,23
145,0,50,4
0,125,4,50
0,0,7,18
0,0,3,18
55,159,50,50
188,203,50,50
114,0,50,5
0,0,4,13
0,0,6,33
0,0,33,7
368,0,50,15
0,0,5,10
137,0,50,8
0,0,4,2
0,163,9,50
0,0,10,3
183,0,50,36
0,150,7,50
0,0,2,22
115,0,50,9
225,94,50,50
0,0,9,4
0,0,9,2
0,0,27,26
0,0,3,6
0,0,43,3
0,0,18,6
0,0,3,10
0,125,2,50
0,0,4,2
0,0,6,12
0,0,12,13
0,0,12,8
0,0,5,45
0,143,13,50
85,0,50,21
0,0,7,21
0,0,11,17
0,0,42,20
0,0,10,3
83,109,50,50
0,0,2,2
82,65,50,50
0,0,9,7
0,0,46,20
0,94,2,50
0,0,11,31
129,0,50,4
57,0,50,28
0,174,6,50
0,127,9,50
82,0,50,5
0,243,22,50
0,0,40,6
0,0,23,9
0,0,5,14
0,0,3,29
228,0,50,3
0,0,12,5
0,0,48,18
0,0,11,21
0,0,8,18
0,0,3,3
0,174,5,50
172,0,50,35
0,0,8,2
0,0,17,4
0,0,21,13
93,0,50,10
0,0,26,2
99,256,50,50
0,124,22,50
0,0,7,2
161,0,50,9
219,94,50,50
0,0,8,44
182,0,50,7
0,0,11,11
0,0,26,2
139,0,50,27
119,96,50,50
0,0,10,14
0,0,7,30
0,0,2,7
0,0,2,15
0,0,4,4
0,193,11,50
117,0,50,3
0,0,8,6
0,0,4,2
0,0,2,25
0,0,9,3
0,0,4,2
0,0,5,29
0,194,6,50
0,149,2,50
0,0,30,13
0,0,26,17
143,0,50,15
107,0,50,29
0,0,10,5
0,0,2,3
0,0,2,5
0,372,16,50
0,0,2,8
0,0,10,13
207,136,50,50
220,0,50,3
0,167,2,50
0,152,2,50
0,0,5,9
0,0,6,29
0,0,17,3
0,125,4,50
0,0,10,25
0,0,12,4
0,0,4,36
0,0,36,42
0,134,12,50
0,0,43,36
363,0,50,36
118,0,50,2
0,0,4,13
0,0,12,35
0,0,7,2
0,0,20,7
0,0,13,5
0,0,27,3
90,0,50,3
0,0,49,2
0,0,30,15
0,138,19,50
0,0,28,13
0,290,5,50
0,0,6,18
0,0,8,13
0,0,7,2
0,0,3,10
0,0,4,9
129,0,50,5
107,0,50,7
0,0,6,2
0,0,36,18
0,88,5,50
0,0,6,5
0,0,17,12
0,212,2,50
0,0,5,11
0,0,13,2
0,0,9,16
0,376,4,50
66,94,50,50
129,0,50,3
81,0,50,4
125,0,50,21
0,279,8,50
0,0,48,5
0,0,3,27
0,0,3,42
184,0,50,4
94,0,50,8
90,0,50,17
0,0,6,2
0,0,26,2
0,0,15,7
0,0,6,8
0,394,25,50
141,0,50,4
176,137,50,50
0,0,17,6
0,0,38,24
256,0,50,13
0,91,4,50
0,0,27,4
0,0,23,38
0,0,10,3
0,246,7,50
64,129,50,50
0,0,4,7
0,200,3,50
0,0,18,34
0,80,24,50
0,0,7,6
0,0,8,17
0,0,10,16
0,112,3,50
0,0,36,25
0,0,3,8
0,0,6,18
0,0,6,18
0,0,25,23
0,0,6,12
125,0,50,19
95,102,50,50
0,0,12,10
0,0,6,4
0,0,2,4
0,0,3,8
0,214,10,50
0,0,3,47
0,0,21,36
192,0,50,5
0,0,28,13
0,0,3,41
284,0,50,9
0,0,3,12
85,70,50,50
0,187,5,50
282,0,50,3
0,0,3,3
0,0,5,2
0,100,5,50
0,142,4,50
0,0,17,39
0,0,23,5
0,0,10,31
0,0,15,6
0,0,4,20
0,0,4,14
0,0,26,22
0,0,2,23
0,0,17,10
195,98,50,50
0,0,34,4
0,0,6,6
74,0,50,15
0,110,25,50
0,0,21,10
0,0,47,2
0,0,4,7
366,0,50,9
0,0,4,21
0,0,9,5
0,0,9,20
129,0,50,8
118,0,50,39
0,158,26,50
0,0,20,7
0,68,9,50
0,0,6,39
0,0,4,26
0,0,23,2
0,0,34,6
0,269,7,50
0,0,12,34
0,0,2,8
0,0,5,6
0,73,16,50
0,0,3,6
84,0,50,3
0,0,9,40
0,144,9,50
0,0,12,4
0,0,4,10
0,87,2,50
0,0,22,16
0,0,3,2
0,0,14,5
0,0,6,3
0,0,9,11
0,0,12,3
43,0,50,25
0,0,34,13
0,0,6,45
0,0,10,6
0,0,26,29
149,0,50,2
0,0,2,2
0,0,7,45
0,0,42,9
0,184,39,50
288,0,50,21
0,0,4,21
0,0,9,5
0,0,22,21
291,140,50,50
174,0,50,11
125,0,50,7
0,0,27,5
92,0,50,24
0,0,6,5
0,0,25,17
0,123,6,50
0,106,2,50
0,0,12,5
188,70,50,50
0,0,47,5
69,0,50,5
0,233,37,50
0,0,6,23
158,0,50,15
0,0,20,3
87,0,50,7
0,0,5,7
0,73,2,50
0,0,3,31
0,0,3,7
0,0,2,8
0,0,5,8
0,0,46,18
0,0,28,22
0,248,2,50
0,0,48,11
78,107,50,50
107,168,50,50
0,0,4,6
0,0,3,5
87,163,50,50
0,0,23,6
0,0,8,9
153,0,50,2
0,221,17,50
0,0,8,3
0,0,3,16
0,0,4,2
0,0,46,3
0,0,16,7
0,0,2,2
0,0,6,13
0,0,4,10
126,169,50,50
0,111,3,50
0,166,11,50
0,0,3,7
0,0,14,2
0,0,35,6
124,0,50,7
0,0,4,11
0,155,4,50
0,0,28,9
0,0,2,2
0,0,15,4
0,0,8,2
169,0,50,10
108,0,50,7
0,0,2,3
0,0,2,2
0,0,48,9
0,0,3,2
0,353,14,50
231,93,50,50
0,0,14,2
87,381,50,50
0,130,18,50
0,0,34,4
0,83,8,50
251,0,50,20
123,0,50,8
0,175,5,50
159,175,50,50
0,0,2,12
0,0,5,6
0,0,8,12
0,0,35,4
0,68,8,50
0,95,5,50
0,0,6,8
0,0,13,11
0,0,2,3
0,0,6,6
0,285,7,50
0,0,21,3
179,115,50,50
0,0,29,7
0,0,12,3
0,177,13,50
0,0,47,5
107,0,50,10
0,88,24,50
92,0,50,6
0,0,7,2
0,0,6,5
169,0,50,2
0,0,4,6
0,0,16,3
164,0,50,15
0,0,44,6
0,0,40,12
0,0,13,10
0,164,6,50
0,0,35,2
0,0,48,10
0,0,5,3
202,0,50,7
0,0,8,28
0,0,8,9
223,0,50,4
203,0,50,23
0,0,5,27
0,0,3,17
0,0,16,32
157,0,50,9
111,166,50,50
0,0,8,12
0,0,3,4
0,192,3,50
0,98,3,50
0,0,21,6
0,0,41,8
0,0,9,23
0,265,7,50
0,176,4,50
0,0,5,8
0,0,40,2
101,0,50,19
85,0,50,5
287,95,50,50
0,0,25,2
0,0,5,4
217,0,50,5
0,0,44,11
0,0,28,41
0,0,3,5
0,0,2,7
0,0,7,14
0,0,5,8
0,0,10,12
115,80,50,50
392,0,50,12
0,166,10,50
0,0,8,8
0,0,44,12
85,205,50,50
0,233,17,50
0,0,10,15
0,0,12,16
0,0,4,6
0,0,7,14
0,0,5,50
0,0,2,5
0,0,3,22
0,0,5,13
0,0,14,41
0,0,2,29
366,0,50,5
318,0,50,22
0,0,8,2
0,0,3,10
0,0,23,13
0,0,6,37
132,0,50,8
89,0,50,27
0,0,33,48
200,0,50,16
0,66,4,50
0,0,16,32
108,141,50,50
0,0,2,5
0,0,33,28
120,0,50,10
0,0,8,4
0,100,6,50
0,0,12,41
208,0,50,3
345,134,50,50
0,209,2,50
0,435,37,50
0,0,18,8
0,0,3,4
83,0,50,2
0,0,9,4
129,0,50,3
0,0,35,15
0,0,8,46
0,0,20,42
0,0,7,28
0,0,4,4
0,50,25,50
0,0,34,3
196,94,50,50
215,290,50,50
0,0,2,3
0,0,14,15
128,0,50,37
81,129,50,50
0,0,4,28
0,0,26,5
0,0,39,13
114,0,50,5
0,0,4,3
0,0,6,26
0,0,7,8
158,149,50,50
125,0,50,30
225,0,50,4
0,195,3,50
0,0,7,12
0,0,5,9
115,0,50,6
0,0,5,8
0,127,17,50
0,134,13,50
0,176,2,50
0,0,6,5
0,0,2,2
0,126,44,50
0,0,2,9
276,0,50,4
107,0,50,20
81,0,50,5
0,0,15,30
87,0,50,18
0,146,9,50
0,0,19,6
0,0,7,26
0,166,30,50
174,130,50,50
143,0,50,2
0,0,8,49
0,183,3,50
0,276,19,50
0,154,48,50
0,0,9,29
0,0,6,6
0,0,14,33
0,89,27,50
173,0,50,29
0,83,29,50
0,0,15,21
0,0,9,2
0,0,2,7
116,86,50,50
0,0,3,3
0,0,11,3
0,0,19,2
525,0,50,5
133,148,50,50
0,0,7,2
0,0,10,33
0,0,13,23
0,0,20,18
0,0,6,2
0,0,47,18
139,135,50,50
0,0,3,5
0,165,6,50
0,0,17,4
0,0,2,28
0,152,2,50
0,0,3,5
0,0,2,34
0,0,26,5
0,171,7,50
0,0,3,24
0,210,40,50
0,0,4,2
140,91,50,50
0,0,27,4
0,0,25,2
0,0,6,2
0,0,6,6
0,0,2,19
0,0,9,36
0,0,2,7
0,0,6,2
0,0,12,6
0,0,2,2
0,0,17,20
191,0,50,11
0,0,3,3
157,0,50,4
241,0,50,7
0,282,13,50
0,0,30,31
0,0,33,20
0,0,3,5
0,0,10,3
0,0,29,2
0,0,20,2
0,213,14,50
0,175,3,50
0,0,3,36
0,146,30,50
285,0,50,10
99,174,50,50
0,0,40,35
0,0,7,10
0,0,12,4
0,90,17,50
0,143,28,50
0,199,10,50
0,0,7,8
0,0,20,8
0,0,35,7
84,0,50,6
239,0,50,10
0,0,3,2
0,0,5,15
0,150,8,50
155,0,50,2
0,0,7,35
0,0,25,5
0,0,41,14
0,0,2,39
156,167,50,50
273,116,50,50
0,0,2,9
0,0,14,6
0,0,4,13
0,0,49,3
0,0,41,3
179,0,50,4
149,0,50,4
0,218,11,50
211,0,50,2
75,0,50,7
0,0,4,42
0,0,5,32
0,0,9,6
157,211,50,50
128,0,50,3
0,171,17,50
0,0,21,16
0,136,13,50
0,485,12,50
0,0,4,18
0,146,34,50
0,82,2,50
0,0,15,6
140,0,50,35
0,0,34,8
0,0,3,12
0,0,16,27
108,0,50,9
0,0,3,24
0,0,28,15
0,0,9,3
0,266,2,50
0,87,6,50
0,132,4,50
174,0,50,2
0,0,6,24
0,226,36,50
0,0,7,7
0,0,4,27
0,0,8,17
0,0,2,49
127,0,50,44
225,0,50,11
0,0,2,3
0,0,12,5
0,0,27,11
0,0,50,10
0,0,28,26
404,0,50,7
0,372,7,50
92,56,50,50
0,0,19,4
0,220,8,50
0,0,32,3
0,0,18,3
0,0,2,2
0,163,2,50
123,0,50,34
0,0,8,8
0,177,11,50
0,0,6,5
0,0,15,13
158,0,50,3
0,235,46,50
0,0,19,9
0,0,11,15
111,0,50,4
130,0,50,3
0,0,11,26
0,105,19,50
158,0,50,10
0,0,2,4
0,0,33,37
0,0,6,10
0,0,9,8
0,114,24,50
0,0,16,13
0,356,3,50
0,140,15,50
0,0,8,4
0,0,2,2
146,0,50,20
0,0,6,14
0,95,8,50
0,0,25,4
0,0,28,23
161,186,50,50
0,0,3,2
0,72,2,50
0,0,3,24
0,120,9,50
107,0,50,3
0,0,11,9
0,0,5,5
0,0,11,11
0,0,49,2
165,0,50,25
216,0,50,11
0,0,15,4
345,142,50,50
0,0,9,3
0,0,36,30
0,0,6,36
0,0,3,9
0,121,4,50
0,0,2,2
0,0,2,21
0,0,14,16
143,0,50,6
0,0,7,17
0,0,6,15
0,0,7,2
0,0,20,4
0,0,3,2
0,0,5,10
0,0,12,9
0,0,13,3
0,0,6,4
0,0,4,18
0,0,16,9
0,206,5,50
165,0,50,26
0,0,3,12
143,0,50,12
0,0,11,2
105,0,50,7
0,0,2,10
112,0,50,18
0,0,15,10
0,0,6,14
0,0,8,47
0,0,10,10
0,0,9,8
66,0,50,5
0,0,10,19
0,0,4,6
0,0,3,30
0,0,13,17
94,0,50,37
0,0,11,10
136,0,50,43
0,0,3,25
135,0,50,7
0,0,3,5
154,0,50,2
0,0,3,11
0,0,14,4
0,0,8,23
0,0,43,6
117,0,50,4
0,0,4,2
0,0,3,8
0,0,2,20
0,0,6,3
0,0,47,6
0,0,5,11
0,0,49,13
215,0,50,34
0,0,9,30
0,90,18,50
0,0,2,2
0,0,21,3
0,0,46,4
0,0,7,3
0,0,5,2
0,0,49,4
0,0,3,20
0,0,35,20
0,0,4,11
0,192,10,50
104,0,50,11
140,0,50,2
0,78,9,50
0,270,32,50
0,159,18,50
0,151,4,50
0,0,4,5
0,0,3,2
0,181,2,50
0,0,6,45
171,0,50,2
0,0,7,6
62,0,50,5
0,0,49,34
0,0,6,8
137,0,50,29
0,0,2,5
0,113,7,50
0,0,16,5
294,270,50,50
0,0,31,13
288,0,50,5
0,0,2,19
0,0,9,2
144,0,50,3
0,0,10,5
0,0,14,19
0,57,3,50
130,0,50,13
128,0,50,35
167,0,50,17
0,170,6,50
0,0,6,17
117,0,50,4
272,83,50,50
0,0,5,5
0,181,13,50
67,0,50,3
167,212,50,50
0,0,5,14
0,0,14,27
0,0,5,13
143,0,50,6
0,0,12,12
0,0,3,5
0,0,17,44
0,0,27,43
0,0,33,2
0,134,19,50
0,0,4,32
147,0,50,13
117,70,50,50
0,123,11,50
152,0,50,28
113,0,50,4
0,0,37,2
231,0,50,22
0,0,11,5
0,0,9,21
0,0,11,39
0,0,5,5
0,0,3,20
313,0,50,29
0,0,4,3
210,0,50,8
0,0,7,20
0,0,11,5
240,0,50,10
0,0,8,4
0,0,10,3
0,124,49,50
70,106,50,50
0,0,3,9
0,0,9,3
121,0,50,11
0,0,6,27
0,86,2,50
0,94,5,50
0,0,18,3
0,108,23,50
0,0,2,35
0,0,42,4
0,0,6,3
144,0,50,5
286,0,50,8
0,0,6,41
0,0,25,13
0,0,11,35
0,0,4,45
0,0,9,40
0,159,4,50
0,270,11,50
0,0,2,2
0,109,26,50
236,139,50,50
0,0,3,5
165,0,50,11
0,0,17,12
115,168,50,50
0,0,3,13
159,0,50,20
0,0,8,12
0,0,19,10
0,0,13,12
0,160,18,50
0,0,5,6
137,271,50,50
0,0,29,9
0,0,5,24
0,0,38,2
103,0,50,11
0,0,11,2
266,0,50,14
0,0,11,15
0,0,38,6
188,0,50,13
0,0,23,21
0,0,3,2
206,0,50,4
399,129,50,50
317,132,50,50
178,133,50,50
0,0,2,3
0,0,7,10
0,0,11,31
0,0,2,31
85,0,50,49
0,0,5,21
0,0,4,4
91,0,50,32
90,0,50,4
0,0,11,2
130,0,50,2
0,0,2,7
0,0,3,12
203,0,50,46
